DATE / TIME (PST),OUTFLOW CFS,
11/05/2010,0,
11/06/2010,0,
11/07/2010,0,
11/08/2010,0,
11/09/2010,0,
11/10/2010,0,
11/11/2010,0,
11/12/2010,0,
11/13/2010,0,
11/14/2010,0,
11/15/2010,0,
11/16/2010,0,
11/17/2010,0,
11/18/2010,0,
11/19/2010,0,
11/20/2010,0,
11/21/2010,0,
11/22/2010,0,
11/23/2010,0,
11/24/2010,0,
11/25/2010,0,
11/26/2010,0,
11/27/2010,0,
11/28/2010,0,
11/29/2010,0,
11/30/2010,0,
12/01/2010,0,
12/02/2010,0,
12/03/2010,0,
12/04/2010,0,
12/05/2010,0,
12/06/2010,0,
12/07/2010,0,
12/08/2010,0,
12/09/2010,70,
12/10/2010,100,
12/11/2010,100,
12/12/2010,99,
12/13/2010,99,
12/14/2010,99,
12/15/2010,99,
12/16/2010,99,
12/17/2010,100,
12/18/2010,100,
12/19/2010,103,
12/20/2010,338,
12/21/2010,509,
12/22/2010,503,
12/23/2010,498,
12/24/2010,497,
12/25/2010,495,
12/26/2010,495,
12/27/2010,496,
12/28/2010,498,
12/29/2010,503,
12/30/2010,507,
12/31/2010,507,
01/01/2011,505,
01/02/2011,511,
01/03/2011,644,
01/04/2011,796,
01/05/2011,817,
01/06/2011,816,
01/07/2011,805,
01/08/2011,797,
01/09/2011,798,
01/10/2011,797,
01/11/2011,794,
01/12/2011,795,
01/13/2011,789,
01/14/2011,793,
01/15/2011,798,
01/16/2011,793,
01/17/2011,787,
01/18/2011,598,
01/19/2011,432,
01/20/2011,404,
01/21/2011,335,
01/22/2011,298,
01/23/2011,298,
01/24/2011,212,
01/25/2011,98,
01/26/2011,98,
01/27/2011,98,
01/28/2011,98,
01/29/2011,98,
01/30/2011,98,
01/31/2011,100,
02/01/2011,101,
02/02/2011,101,
02/03/2011,112,
02/04/2011,133,
02/05/2011,134,
02/06/2011,134,
02/07/2011,121,
02/08/2011,100,
02/09/2011,100,
02/10/2011,100,
02/11/2011,100,
02/12/2011,100,
02/13/2011,100,
02/14/2011,100,
02/15/2011,100,
02/16/2011,101,
02/17/2011,101,
02/18/2011,101,
02/19/2011,102,
02/20/2011,103,
02/21/2011,103,
02/22/2011,104,
02/23/2011,104,
02/24/2011,104,
02/25/2011,105,
02/26/2011,105,
02/27/2011,106,
02/28/2011,106,
03/01/2011,242,
03/02/2011,355,
03/03/2011,357,
03/04/2011,351,
03/05/2011,351,
03/06/2011,350,
03/07/2011,352,
03/08/2011,352,
03/09/2011,352,
03/10/2011,352,
03/11/2011,352,
03/12/2011,352,
03/13/2011,352,
03/14/2011,351,
03/15/2011,351,
03/16/2011,352,
03/17/2011,351,
03/18/2011,351,
03/19/2011,348,
03/20/2011,351,
03/21/2011,"1,180",
03/22/2011,"1,740",
03/23/2011,"1,745",
03/24/2011,"1,752",
03/25/2011,"1,772",
03/26/2011,"1,785",
03/27/2011,"1,783",
03/28/2011,"2,062",
03/29/2011,"2,130",
03/30/2011,"1,874",
03/31/2011,"1,756",
04/01/2011,"1,663",
04/02/2011,"1,513",
04/03/2011,"1,508",
04/04/2011,"1,226",
04/05/2011,"1,017",
04/06/2011,"1,014",
04/07/2011,"1,011",
04/08/2011,694,
04/09/2011,495,
04/10/2011,499,
04/11/2011,502,
04/12/2011,389,
04/13/2011,248,
04/14/2011,248,
04/15/2011,94,
04/16/2011,3,
04/17/2011,4,
04/18/2011,4,
04/19/2011,0,
04/20/2011,0,
04/21/2011,94,
04/22/2011,175,
04/23/2011,175,
04/24/2011,175,
04/25/2011,175,
04/26/2011,175,
04/27/2011,176,
04/28/2011,176,
04/29/2011,176,
04/30/2011,176,
05/01/2011,175,
05/02/2011,205,
05/03/2011,229,
05/04/2011,216,
05/05/2011,221,
05/06/2011,228,
05/07/2011,227,
05/08/2011,227,
05/09/2011,227,
05/10/2011,227,
05/11/2011,227,
05/12/2011,226,
05/13/2011,226,
05/14/2011,227,
05/15/2011,227,
05/16/2011,227,
05/17/2011,226,
05/18/2011,207,
05/19/2011,176,
05/20/2011,178,
05/21/2011,178,
05/22/2011,178,
05/23/2011,178,
05/24/2011,179,
05/25/2011,179,
05/26/2011,188,
05/27/2011,208,
05/28/2011,207,
05/29/2011,207,
05/30/2011,207,
05/31/2011,205,
06/01/2011,201,
06/02/2011,200,
06/03/2011,200,
06/04/2011,201,
06/05/2011,201,
06/06/2011,201,
06/07/2011,200,
06/08/2011,200,
06/09/2011,200,
06/10/2011,200,
06/11/2011,200,
06/12/2011,200,
06/13/2011,200,
06/14/2011,200,
06/15/2011,200,
06/16/2011,200,
06/17/2011,234,
06/18/2011,263,
06/19/2011,257,
06/20/2011,259,
06/21/2011,280,
06/22/2011,289,
06/23/2011,290,
06/24/2011,289,
06/25/2011,288,
06/26/2011,288,
06/27/2011,288,
06/28/2011,288,
06/29/2011,287,
06/30/2011,286,
07/01/2011,286,
07/02/2011,285,
07/03/2011,285,
07/04/2011,285,
07/05/2011,284,
07/06/2011,283,
07/07/2011,283,
07/08/2011,282,
07/09/2011,282,
07/10/2011,282,
07/11/2011,281,
07/12/2011,--,
07/13/2011,285,
07/14/2011,284,
07/15/2011,284,
07/16/2011,284,
07/17/2011,283,
07/18/2011,283,
07/19/2011,282,
07/20/2011,282,
07/21/2011,286,
07/22/2011,288,
07/23/2011,287,
07/24/2011,287,
07/25/2011,286,
07/26/2011,285,
07/27/2011,284,
07/28/2011,282,
07/29/2011,285,
07/30/2011,286,
07/31/2011,286,
08/01/2011,285,
08/02/2011,267,
08/03/2011,226,
08/04/2011,208,
08/05/2011,205,
08/06/2011,199,
08/07/2011,203,
08/08/2011,188,
08/09/2011,159,
08/10/2011,169,
08/11/2011,183,
08/12/2011,181,
08/13/2011,175,
08/14/2011,177,
08/15/2011,177,
08/16/2011,177,
08/17/2011,176,
08/18/2011,173,
08/19/2011,163,
08/20/2011,156,
08/21/2011,157,
08/22/2011,158,
08/23/2011,158,
08/24/2011,158,
08/25/2011,158,
08/26/2011,146,
08/27/2011,123,
08/28/2011,123,
08/29/2011,123,
08/30/2011,122,
08/31/2011,118,
09/01/2011,108,
09/02/2011,99,
09/03/2011,93,
09/04/2011,93,
09/05/2011,93,
09/06/2011,93,
09/07/2011,89,
09/08/2011,84,
09/09/2011,82,
09/10/2011,82,
09/11/2011,82,
09/12/2011,82,
09/13/2011,82,
09/14/2011,82,
09/15/2011,82,
09/16/2011,82,
09/17/2011,82,
09/18/2011,82,
09/19/2011,90,
09/20/2011,96,
09/21/2011,96,
09/22/2011,96,
09/23/2011,100,
09/24/2011,102,
09/25/2011,101,
09/26/2011,101,
09/27/2011,101,
09/28/2011,99,
09/29/2011,94,
09/30/2011,89,
10/01/2011,82,
10/02/2011,82,
10/03/2011,83,
10/04/2011,83,
10/05/2011,82,
10/06/2011,82,
10/07/2011,82,
10/08/2011,82,
10/09/2011,80,
10/10/2011,84,
10/11/2011,91,
10/12/2011,95,
10/13/2011,100,
10/14/2011,100,
10/15/2011,100,
10/16/2011,43,
10/17/2011,0,
10/18/2011,26,
10/19/2011,106,
10/20/2011,125,
10/21/2011,125,
10/22/2011,125,
10/23/2011,125,
10/24/2011,123,
10/25/2011,124,
10/26/2011,41,
10/27/2011,0,
10/28/2011,0,
10/29/2011,0,
10/30/2011,0,
10/31/2011,0,
11/01/2011,0,
11/02/2011,0,
11/03/2011,0,
11/04/2011,0,
11/05/2011,0,
11/06/2011,0,
11/07/2011,0,
11/08/2011,0,
11/09/2011,0,
11/10/2011,0,
11/11/2011,0,
11/12/2011,0,
11/13/2011,0,
11/14/2011,0,
11/15/2011,0,
11/16/2011,0,
11/17/2011,0,
11/18/2011,0,
11/19/2011,0,
11/20/2011,0,
11/21/2011,0,
11/22/2011,0,
11/23/2011,0,
11/24/2011,0,
11/25/2011,0,
11/26/2011,0,
11/27/2011,0,
11/28/2011,0,
11/29/2011,0,
11/30/2011,0,
12/01/2011,0,
12/02/2011,0,
12/03/2011,0,
12/04/2011,0,
12/05/2011,0,
12/06/2011,0,
12/07/2011,0,
12/08/2011,0,
12/09/2011,0,
12/10/2011,0,
12/11/2011,0,
12/12/2011,0,
12/13/2011,0,
12/14/2011,0,
12/15/2011,0,
12/16/2011,0,
12/17/2011,0,
12/18/2011,0,
12/19/2011,0,
12/20/2011,0,
12/21/2011,0,
12/22/2011,0,
12/23/2011,0,
12/24/2011,0,
12/25/2011,0,
12/26/2011,0,
12/27/2011,0,
12/28/2011,0,
12/29/2011,0,
12/30/2011,0,
12/31/2011,0,
01/01/2012,0,
01/02/2012,0,
01/03/2012,0,
01/04/2012,0,
01/05/2012,0,
01/06/2012,0,
01/07/2012,0,
01/08/2012,0,
01/09/2012,0,
01/10/2012,0,
01/11/2012,0,
01/12/2012,0,
01/13/2012,0,
01/14/2012,0,
01/15/2012,0,
01/16/2012,0,
01/17/2012,0,
01/18/2012,0,
01/19/2012,0,
01/20/2012,0,
01/21/2012,0,
01/22/2012,0,
01/23/2012,0,
01/24/2012,0,
01/25/2012,0,
01/26/2012,0,
01/27/2012,0,
01/28/2012,0,
01/29/2012,0,
01/30/2012,0,
01/31/2012,0,
02/01/2012,0,
02/02/2012,0,
02/03/2012,0,
02/04/2012,0,
02/05/2012,0,
02/06/2012,0,
02/07/2012,0,
02/08/2012,0,
02/09/2012,0,
02/10/2012,0,
02/11/2012,0,
02/12/2012,0,
02/13/2012,0,
02/14/2012,0,
02/15/2012,0,
02/16/2012,0,
02/17/2012,0,
02/18/2012,0,
02/19/2012,0,
02/20/2012,0,
02/21/2012,0,
02/22/2012,0,
02/23/2012,0,
02/24/2012,0,
02/25/2012,0,
02/26/2012,0,
02/27/2012,0,
02/28/2012,0,
02/29/2012,0,
03/01/2012,0,
03/02/2012,0,
03/03/2012,0,
03/04/2012,0,
03/05/2012,0,
03/06/2012,0,
03/07/2012,0,
03/08/2012,0,
03/09/2012,0,
03/10/2012,0,
03/11/2012,0,
03/12/2012,0,
03/13/2012,0,
03/14/2012,0,
03/15/2012,0,
03/16/2012,0,
03/17/2012,0,
03/18/2012,0,
03/19/2012,0,
03/20/2012,0,
03/21/2012,0,
03/22/2012,0,
03/23/2012,0,
03/24/2012,0,
03/25/2012,0,
03/26/2012,0,
03/27/2012,0,
03/28/2012,0,
03/29/2012,0,
03/30/2012,0,
03/31/2012,0,
04/01/2012,0,
04/02/2012,0,
04/03/2012,0,
04/04/2012,0,
04/05/2012,0,
04/06/2012,0,
04/07/2012,0,
04/08/2012,0,
04/09/2012,0,
04/10/2012,0,
04/11/2012,0,
04/12/2012,0,
04/13/2012,0,
04/14/2012,0,
04/15/2012,0,
04/16/2012,0,
04/17/2012,0,
04/18/2012,0,
04/19/2012,0,
04/20/2012,0,
04/21/2012,0,
04/22/2012,0,
04/23/2012,0,
04/24/2012,0,
04/25/2012,0,
04/26/2012,0,
04/27/2012,0,
04/28/2012,0,
04/29/2012,0,
04/30/2012,0,
05/01/2012,0,
05/02/2012,0,
05/03/2012,0,
05/04/2012,0,
05/05/2012,0,
05/06/2012,0,
05/07/2012,0,
05/08/2012,0,
05/09/2012,0,
05/10/2012,0,
05/11/2012,0,
05/12/2012,0,
05/13/2012,0,
05/14/2012,0,
05/15/2012,0,
05/16/2012,0,
05/17/2012,0,
05/18/2012,9,
05/19/2012,14,
05/20/2012,14,
05/21/2012,15,
05/22/2012,16,
05/23/2012,16,
05/24/2012,16,
05/25/2012,16,
05/26/2012,16,
05/27/2012,16,
05/28/2012,16,
05/29/2012,17,
05/30/2012,188,
05/31/2012,201,
06/01/2012,186,
06/02/2012,166,
06/03/2012,165,
06/04/2012,165,
06/05/2012,159,
06/06/2012,148,
06/07/2012,147,
06/08/2012,147,
06/09/2012,146,
06/10/2012,146,
06/11/2012,150,
06/12/2012,162,
06/13/2012,173,
06/14/2012,183,
06/15/2012,189,
06/16/2012,200,
06/17/2012,198,
06/18/2012,190,
06/19/2012,183,
06/20/2012,188,
06/21/2012,186,
06/22/2012,178,
06/23/2012,169,
06/24/2012,168,
06/25/2012,168,
06/26/2012,168,
06/27/2012,167,
06/28/2012,166,
06/29/2012,163,
06/30/2012,157,
07/01/2012,157,
07/02/2012,163,
07/03/2012,176,
07/04/2012,175,
07/05/2012,175,
07/06/2012,174,
07/07/2012,173,
07/08/2012,172,
07/09/2012,176,
07/10/2012,186,
07/11/2012,192,
07/12/2012,187,
07/13/2012,180,
07/14/2012,167,
07/15/2012,145,
07/16/2012,152,
07/17/2012,156,
07/18/2012,160,
07/19/2012,166,
07/20/2012,163,
07/21/2012,156,
07/22/2012,156,
07/23/2012,154,
07/24/2012,163,
07/25/2012,178,
07/26/2012,182,
07/27/2012,182,
07/28/2012,181,
07/29/2012,180,
07/30/2012,180,
07/31/2012,179,
08/01/2012,178,
08/02/2012,170,
08/03/2012,153,
08/04/2012,153,
08/05/2012,152,
08/06/2012,151,
08/07/2012,154,
08/08/2012,161,
08/09/2012,165,
08/10/2012,166,
08/11/2012,155,
08/12/2012,154,
08/13/2012,149,
08/14/2012,139,
08/15/2012,139,
08/16/2012,139,
08/17/2012,114,
08/18/2012,100,
08/19/2012,100,
08/20/2012,100,
08/21/2012,100,
08/22/2012,100,
08/23/2012,92,
08/24/2012,81,
08/25/2012,82,
08/26/2012,82,
08/27/2012,83,
08/28/2012,82,
08/29/2012,82,
08/30/2012,82,
08/31/2012,82,
09/01/2012,82,
09/02/2012,81,
09/03/2012,82,
09/04/2012,32,
09/05/2012,0,
09/06/2012,0,
09/07/2012,0,
09/08/2012,0,
09/09/2012,0,
09/10/2012,0,
09/11/2012,0,
09/12/2012,0,
09/13/2012,0,
09/14/2012,0,
09/15/2012,0,
09/16/2012,0,
09/17/2012,0,
09/18/2012,0,
09/19/2012,0,
09/20/2012,0,
09/21/2012,0,
09/22/2012,0,
09/23/2012,0,
09/24/2012,0,
09/25/2012,0,
09/26/2012,0,
09/27/2012,0,
09/28/2012,0,
09/29/2012,0,
09/30/2012,0,
10/01/2012,0,
10/02/2012,0,
10/03/2012,0,
10/04/2012,0,
10/05/2012,0,
10/06/2012,0,
10/07/2012,0,
10/08/2012,0,
10/09/2012,0,
10/10/2012,0,
10/11/2012,0,
10/12/2012,0,
10/13/2012,0,
10/14/2012,0,
10/15/2012,0,
10/16/2012,0,
10/17/2012,0,
10/18/2012,0,
10/19/2012,0,
10/20/2012,0,
10/21/2012,0,
10/22/2012,0,
10/23/2012,0,
10/24/2012,0,
10/25/2012,0,
10/26/2012,0,
10/27/2012,0,
10/28/2012,0,
10/29/2012,0,
10/30/2012,0,
10/31/2012,0,
11/01/2012,0,
11/02/2012,0,
11/03/2012,0,
11/04/2012,0,
11/05/2012,0,
11/06/2012,0,
11/07/2012,0,
11/08/2012,0,
11/09/2012,0,
11/10/2012,0,
11/11/2012,0,
11/12/2012,0,
11/13/2012,0,
11/14/2012,0,
11/15/2012,0,
11/16/2012,0,
11/17/2012,0,
11/18/2012,0,
11/19/2012,0,
11/20/2012,0,
11/21/2012,0,
11/22/2012,0,
11/23/2012,0,
11/24/2012,0,
11/25/2012,0,
11/26/2012,0,
11/27/2012,0,
11/28/2012,0,
11/29/2012,0,
11/30/2012,0,
12/01/2012,0,
12/02/2012,0,
12/03/2012,0,
12/04/2012,0,
12/05/2012,0,
12/06/2012,0,
12/07/2012,0,
12/08/2012,0,
12/09/2012,0,
12/10/2012,0,
12/11/2012,0,
12/12/2012,0,
12/13/2012,0,
12/14/2012,0,
12/15/2012,0,
12/16/2012,0,
12/17/2012,0,
12/18/2012,0,
12/19/2012,0,
12/20/2012,0,
12/21/2012,0,
12/22/2012,0,
12/23/2012,0,
12/24/2012,0,
12/25/2012,0,
12/26/2012,0,
12/27/2012,0,
12/28/2012,0,
12/29/2012,0,
12/30/2012,0,
12/31/2012,0,
01/01/2013,0,
01/02/2013,0,
01/03/2013,0,
01/04/2013,0,
01/05/2013,0,
01/06/2013,0,
01/07/2013,0,
01/08/2013,0,
01/09/2013,0,
01/10/2013,0,
01/11/2013,0,
01/12/2013,0,
01/13/2013,0,
01/14/2013,0,
01/15/2013,0,
01/16/2013,0,
01/17/2013,0,
01/18/2013,0,
01/19/2013,0,
01/20/2013,0,
01/21/2013,0,
01/22/2013,0,
01/23/2013,0,
01/24/2013,0,
01/25/2013,0,
01/26/2013,0,
01/27/2013,0,
01/28/2013,0,
01/29/2013,0,
01/30/2013,0,
01/31/2013,0,
02/01/2013,0,
02/02/2013,0,
02/03/2013,0,
02/04/2013,0,
02/05/2013,0,
02/06/2013,0,
02/07/2013,0,
02/08/2013,0,
02/09/2013,0,
02/10/2013,0,
02/11/2013,0,
02/12/2013,0,
02/13/2013,0,
02/14/2013,0,
02/15/2013,0,
02/16/2013,0,
02/17/2013,0,
02/18/2013,0,
02/19/2013,0,
02/20/2013,0,
02/21/2013,0,
02/22/2013,0,
02/23/2013,0,
02/24/2013,0,
02/25/2013,0,
02/26/2013,0,
02/27/2013,0,
02/28/2013,0,
03/01/2013,0,
03/02/2013,0,
03/03/2013,0,
03/04/2013,0,
03/05/2013,0,
03/06/2013,0,
03/07/2013,0,
03/08/2013,0,
03/09/2013,0,
03/10/2013,0,
03/11/2013,0,
03/12/2013,0,
03/13/2013,0,
03/14/2013,0,
03/15/2013,0,
03/16/2013,0,
03/17/2013,0,
03/18/2013,0,
03/19/2013,0,
03/20/2013,0,
03/21/2013,0,
03/22/2013,0,
03/23/2013,0,
03/24/2013,0,
03/25/2013,0,
03/26/2013,0,
03/27/2013,0,
03/28/2013,0,
03/29/2013,0,
03/30/2013,0,
03/31/2013,0,
04/01/2013,0,
04/02/2013,0,
04/03/2013,0,
04/04/2013,0,
04/05/2013,0,
04/06/2013,0,
04/07/2013,0,
04/08/2013,0,
04/09/2013,0,
04/10/2013,0,
04/11/2013,0,
04/12/2013,0,
04/13/2013,0,
04/14/2013,0,
04/15/2013,0,
04/16/2013,0,
04/17/2013,0,
04/18/2013,0,
04/19/2013,0,
04/20/2013,0,
04/21/2013,0,
04/22/2013,0,
04/23/2013,0,
04/24/2013,0,
04/25/2013,0,
04/26/2013,0,
04/27/2013,0,
04/28/2013,0,
04/29/2013,0,
04/30/2013,0,
05/01/2013,0,
05/02/2013,0,
05/03/2013,0,
05/04/2013,0,
05/05/2013,0,
05/06/2013,0,
05/07/2013,0,
05/08/2013,0,
05/09/2013,0,
05/10/2013,0,
05/11/2013,0,
05/12/2013,0,
05/13/2013,0,
05/14/2013,0,
05/15/2013,0,
05/16/2013,0,
05/17/2013,0,
05/18/2013,0,
05/19/2013,0,
05/20/2013,0,
05/21/2013,0,
05/22/2013,0,
05/23/2013,0,
05/24/2013,0,
05/25/2013,0,
05/26/2013,0,
05/27/2013,0,
05/28/2013,0,
05/29/2013,0,
05/30/2013,0,
05/31/2013,98,
06/01/2013,150,
06/02/2013,150,
06/03/2013,137,
06/04/2013,130,
06/05/2013,142,
06/06/2013,158,
06/07/2013,157,
06/08/2013,156,
06/09/2013,156,
06/10/2013,169,
06/11/2013,192,
06/12/2013,196,
06/13/2013,186,
06/14/2013,171,
06/15/2013,171,
06/16/2013,171,
06/17/2013,170,
06/18/2013,169,
06/19/2013,169,
06/20/2013,165,
06/21/2013,155,
06/22/2013,150,
06/23/2013,150,
06/24/2013,150,
06/25/2013,148,
06/26/2013,158,
06/27/2013,173,
06/28/2013,173,
06/29/2013,172,
06/30/2013,172,
07/01/2013,172,
07/02/2013,172,
07/03/2013,170,
07/04/2013,169,
07/05/2013,165,
07/06/2013,161,
07/07/2013,159,
07/08/2013,159,
07/09/2013,161,
07/10/2013,162,
07/11/2013,162,
07/12/2013,161,
07/13/2013,161,
07/14/2013,160,
07/15/2013,166,
07/16/2013,179,
07/17/2013,172,
07/18/2013,163,
07/19/2013,164,
07/20/2013,163,
07/21/2013,162,
07/22/2013,162,
07/23/2013,161,
07/24/2013,163,
07/25/2013,164,
07/26/2013,159,
07/27/2013,158,
07/28/2013,156,
07/29/2013,157,
07/30/2013,158,
07/31/2013,157,
08/01/2013,158,
08/02/2013,160,
08/03/2013,158,
08/04/2013,157,
08/05/2013,152,
08/06/2013,151,
08/07/2013,151,
08/08/2013,141,
08/09/2013,135,
08/10/2013,141,
08/11/2013,140,
08/12/2013,139,
08/13/2013,139,
08/14/2013,142,
08/15/2013,144,
08/16/2013,139,
08/17/2013,140,
08/18/2013,139,
08/19/2013,128,
08/20/2013,110,
08/21/2013,91,
08/22/2013,90,
08/23/2013,89,
08/24/2013,89,
08/25/2013,88,
08/26/2013,44,
08/27/2013,1,
08/28/2013,0,
08/29/2013,1,
08/30/2013,1,
08/31/2013,2,
09/01/2013,2,
09/02/2013,2,
09/03/2013,2,
09/04/2013,2,
09/05/2013,2,
09/06/2013,1,
09/07/2013,1,
09/08/2013,1,
09/09/2013,1,
09/10/2013,1,
09/11/2013,1,
09/12/2013,1,
09/13/2013,1,
09/14/2013,1,
09/15/2013,1,
09/16/2013,1,
09/17/2013,1,
09/18/2013,0,
09/19/2013,0,
09/20/2013,0,
09/21/2013,0,
09/22/2013,0,
09/23/2013,0,
09/24/2013,0,
09/25/2013,0,
09/26/2013,0,
09/27/2013,0,
09/28/2013,0,
09/29/2013,0,
09/30/2013,0,
10/01/2013,0,
10/02/2013,0,
10/03/2013,0,
10/04/2013,0,
10/05/2013,0,
10/06/2013,0,
10/07/2013,0,
10/08/2013,0,
10/09/2013,0,
10/10/2013,0,
10/11/2013,0,
10/12/2013,0,
10/13/2013,0,
10/14/2013,0,
10/15/2013,0,
10/16/2013,0,
10/17/2013,0,
10/18/2013,0,
10/19/2013,0,
10/20/2013,0,
10/21/2013,0,
10/22/2013,0,
10/23/2013,0,
10/24/2013,0,
10/25/2013,0,
10/26/2013,0,
10/27/2013,0,
10/28/2013,0,
10/29/2013,0,
10/30/2013,0,
10/31/2013,0,
11/01/2013,0,
11/02/2013,0,
11/03/2013,0,
11/04/2013,0,
11/05/2013,0,
11/06/2013,0,
11/07/2013,0,
11/08/2013,0,
11/09/2013,0,
11/10/2013,0,
11/11/2013,0,
11/12/2013,0,
11/13/2013,0,
11/14/2013,0,
11/15/2013,0,
11/16/2013,0,
11/17/2013,0,
11/18/2013,0,
11/19/2013,0,
11/20/2013,0,
11/21/2013,0,
11/22/2013,0,
11/23/2013,0,
11/24/2013,0,
11/25/2013,0,
11/26/2013,0,
11/27/2013,0,
11/28/2013,0,
11/29/2013,0,
11/30/2013,0,
12/01/2013,0,
12/02/2013,0,
12/03/2013,0,
12/04/2013,0,
12/05/2013,0,
12/06/2013,0,
12/07/2013,0,
12/08/2013,0,
12/09/2013,0,
12/10/2013,0,
12/11/2013,0,
12/12/2013,0,
12/13/2013,0,
12/14/2013,0,
12/15/2013,0,
12/16/2013,0,
12/17/2013,0,
12/18/2013,0,
12/19/2013,1,
12/20/2013,1,
12/21/2013,1,
12/22/2013,1,
12/23/2013,1,
12/24/2013,1,
12/25/2013,1,
12/26/2013,1,
12/27/2013,2,
12/28/2013,2,
12/29/2013,2,
12/30/2013,2,
12/31/2013,2,
01/01/2014,2,
01/02/2014,2,
01/03/2014,2,
01/04/2014,3,
01/05/2014,3,
01/06/2014,3,
01/07/2014,3,
01/08/2014,3,
01/09/2014,3,
01/10/2014,3,
01/11/2014,3,
01/12/2014,3,
01/13/2014,4,
01/14/2014,3,
01/15/2014,0,
01/16/2014,1,
01/17/2014,1,
01/18/2014,1,
01/19/2014,1,
01/20/2014,1,
01/21/2014,1,
01/22/2014,0,
01/23/2014,0,
01/24/2014,0,
01/25/2014,0,
01/26/2014,0,
01/27/2014,0,
01/28/2014,0,
01/29/2014,0,
01/30/2014,0,
01/31/2014,0,
02/01/2014,0,
02/02/2014,0,
02/03/2014,0,
02/04/2014,0,
02/05/2014,0,
02/06/2014,0,
02/07/2014,0,
02/08/2014,0,
02/09/2014,0,
02/10/2014,0,
02/11/2014,0,
02/12/2014,0,
02/13/2014,0,
02/14/2014,0,
02/15/2014,0,
02/16/2014,0,
02/17/2014,0,
02/18/2014,0,
02/19/2014,0,
02/20/2014,0,
02/21/2014,0,
02/22/2014,0,
02/23/2014,0,
02/24/2014,0,
02/25/2014,0,
02/26/2014,0,
02/27/2014,0,
02/28/2014,0,
03/01/2014,0,
03/02/2014,0,
03/03/2014,0,
03/04/2014,0,
03/05/2014,0,
03/06/2014,0,
03/07/2014,0,
03/08/2014,0,
03/09/2014,0,
03/10/2014,0,
03/11/2014,0,
03/12/2014,0,
03/13/2014,0,
03/14/2014,0,
03/15/2014,0,
03/16/2014,0,
03/17/2014,0,
03/18/2014,0,
03/19/2014,0,
03/20/2014,0,
03/21/2014,0,
03/22/2014,0,
03/23/2014,0,
03/24/2014,0,
03/25/2014,0,
03/26/2014,0,
03/27/2014,0,
03/28/2014,0,
03/29/2014,0,
03/30/2014,0,
03/31/2014,0,
04/01/2014,0,
04/02/2014,0,
04/03/2014,0,
04/04/2014,0,
04/05/2014,0,
04/06/2014,0,
04/07/2014,0,
04/08/2014,0,
04/09/2014,0,
04/10/2014,0,
04/11/2014,0,
04/12/2014,0,
04/13/2014,0,
04/14/2014,0,
04/15/2014,0,
04/16/2014,0,
04/17/2014,0,
04/18/2014,0,
04/19/2014,0,
04/20/2014,0,
04/21/2014,0,
04/22/2014,0,
04/23/2014,0,
04/24/2014,0,
04/25/2014,0,
04/26/2014,0,
04/27/2014,0,
04/28/2014,0,
04/29/2014,0,
04/30/2014,0,
05/01/2014,0,
05/02/2014,0,
05/03/2014,0,
05/04/2014,0,
05/05/2014,0,
05/06/2014,0,
05/07/2014,0,
05/08/2014,0,
05/09/2014,0,
05/10/2014,0,
05/11/2014,0,
05/12/2014,0,
05/13/2014,0,
05/14/2014,0,
05/15/2014,0,
05/16/2014,0,
05/17/2014,0,
05/18/2014,0,
05/19/2014,0,
05/20/2014,0,
05/21/2014,0,
05/22/2014,0,
05/23/2014,0,
05/24/2014,0,
05/25/2014,0,
05/26/2014,0,
05/27/2014,0,
05/28/2014,0,
05/29/2014,0,
05/30/2014,0,
05/31/2014,0,
06/01/2014,0,
06/02/2014,0,
06/03/2014,0,
06/04/2014,0,
06/05/2014,0,
06/06/2014,0,
06/07/2014,0,
06/08/2014,0,
06/09/2014,0,
06/10/2014,0,
06/11/2014,0,
06/12/2014,0,
06/13/2014,0,
06/14/2014,0,
06/15/2014,0,
06/16/2014,0,
06/17/2014,0,
06/18/2014,0,
06/19/2014,88,
06/20/2014,101,
06/21/2014,100,
06/22/2014,99,
06/23/2014,99,
06/24/2014,98,
06/25/2014,98,
06/26/2014,100,
06/27/2014,100,
06/28/2014,100,
06/29/2014,99,
06/30/2014,98,
07/01/2014,98,
07/02/2014,98,
07/03/2014,65,
07/04/2014,1,
07/05/2014,0,
07/06/2014,0,
07/07/2014,0,
07/08/2014,0,
07/09/2014,0,
07/10/2014,0,
07/11/2014,0,
07/12/2014,0,
07/13/2014,0,
07/14/2014,0,
07/15/2014,--,
07/16/2014,0,
07/17/2014,0,
07/18/2014,0,
07/19/2014,0,
07/20/2014,0,
07/21/2014,0,
07/22/2014,0,
07/23/2014,0,
07/24/2014,0,
07/25/2014,0,
07/26/2014,0,
07/27/2014,0,
07/28/2014,0,
07/29/2014,0,
07/30/2014,0,
07/31/2014,0,
08/01/2014,0,
08/02/2014,0,
08/03/2014,0,
08/04/2014,0,
08/05/2014,0,
08/06/2014,0,
08/07/2014,0,
08/08/2014,0,
08/09/2014,0,
08/10/2014,0,
08/11/2014,0,
08/12/2014,0,
08/13/2014,0,
08/14/2014,0,
08/15/2014,0,
08/16/2014,0,
08/17/2014,0,
08/18/2014,0,
08/19/2014,0,
08/20/2014,0,
08/21/2014,0,
08/22/2014,0,
08/23/2014,0,
08/24/2014,0,
08/25/2014,0,
08/26/2014,0,
08/27/2014,234,
08/28/2014,0,
08/29/2014,0,
08/30/2014,0,
08/31/2014,0,
09/01/2014,0,
09/02/2014,0,
09/03/2014,0,
09/04/2014,0,
09/05/2014,0,
09/06/2014,0,
09/07/2014,0,
09/08/2014,0,
09/09/2014,0,
09/10/2014,0,
09/11/2014,0,
09/12/2014,0,
09/13/2014,0,
09/14/2014,0,
09/15/2014,0,
09/16/2014,0,
09/17/2014,0,
09/18/2014,0,
09/19/2014,0,
09/20/2014,0,
09/21/2014,0,
09/22/2014,0,
09/23/2014,0,
09/24/2014,0,
09/25/2014,0,
09/26/2014,0,
09/27/2014,0,
09/28/2014,0,
09/29/2014,0,
09/30/2014,0,
10/01/2014,0,
10/02/2014,0,
10/03/2014,0,
10/04/2014,0,
10/05/2014,0,
10/06/2014,0,
10/07/2014,0,
10/08/2014,0,
10/09/2014,0,
10/10/2014,0,
10/11/2014,0,
10/12/2014,0,
10/13/2014,0,
10/14/2014,0,
10/15/2014,0,
10/16/2014,0,
10/17/2014,0,
10/18/2014,0,
10/19/2014,0,
10/20/2014,0,
10/21/2014,0,
10/22/2014,0,
10/23/2014,0,
10/24/2014,0,
10/25/2014,0,
10/26/2014,0,
10/27/2014,0,
10/28/2014,0,
10/29/2014,0,
10/30/2014,0,
10/31/2014,0,
11/01/2014,0,
11/02/2014,0,
11/03/2014,0,
11/04/2014,0,
11/05/2014,0,
11/06/2014,0,
11/07/2014,0,
11/08/2014,0,
11/09/2014,0,
11/10/2014,0,
11/11/2014,0,
11/12/2014,0,
11/13/2014,0,
11/14/2014,0,
11/15/2014,0,
11/16/2014,0,
11/17/2014,0,
11/18/2014,0,
11/19/2014,0,
11/20/2014,0,
11/21/2014,0,
11/22/2014,0,
11/23/2014,0,
11/24/2014,0,
11/25/2014,0,
11/26/2014,0,
11/27/2014,0,
11/28/2014,0,
11/29/2014,0,
11/30/2014,0,
12/01/2014,0,
12/02/2014,0,
12/03/2014,0,
12/04/2014,0,
12/05/2014,0,
12/06/2014,0,
12/07/2014,0,
12/08/2014,0,
12/09/2014,0,
12/10/2014,0,
12/11/2014,0,
12/12/2014,0,
12/13/2014,0,
12/14/2014,0,
12/15/2014,0,
12/16/2014,0,
12/17/2014,0,
12/18/2014,0,
12/19/2014,0,
12/20/2014,0,
12/21/2014,0,
12/22/2014,0,
12/23/2014,0,
12/24/2014,0,
12/25/2014,0,
12/26/2014,0,
12/27/2014,0,
12/28/2014,0,
12/29/2014,0,
12/30/2014,0,
12/31/2014,--,
01/01/2015,0,
01/02/2015,0,
01/03/2015,0,
01/04/2015,0,
01/05/2015,0,
01/06/2015,0,
01/07/2015,0,
01/08/2015,0,
01/09/2015,0,
01/10/2015,0,
01/11/2015,0,
01/12/2015,0,
01/13/2015,0,
01/14/2015,0,
01/15/2015,0,
01/16/2015,0,
01/17/2015,0,
01/18/2015,0,
01/19/2015,0,
01/20/2015,0,
01/21/2015,0,
01/22/2015,0,
01/23/2015,0,
01/24/2015,0,
01/25/2015,0,
01/26/2015,0,
01/27/2015,0,
01/28/2015,0,
01/29/2015,0,
01/30/2015,0,
01/31/2015,0,
02/01/2015,0,
02/02/2015,0,
02/03/2015,0,
02/04/2015,0,
02/05/2015,0,
02/06/2015,0,
02/07/2015,0,
02/08/2015,0,
02/09/2015,0,
02/10/2015,0,
02/11/2015,0,
02/12/2015,0,
02/13/2015,0,
02/14/2015,0,
02/15/2015,0,
02/16/2015,0,
02/17/2015,0,
02/18/2015,0,
02/19/2015,0,
02/20/2015,0,
02/21/2015,--,
02/22/2015,0,
02/23/2015,0,
02/24/2015,0,
02/25/2015,0,
02/26/2015,0,
02/27/2015,0,
02/28/2015,0,
03/01/2015,0,
03/02/2015,0,
03/03/2015,0,
03/04/2015,0,
03/05/2015,0,
03/06/2015,0,
03/07/2015,0,
03/08/2015,0,
03/09/2015,0,
03/10/2015,0,
03/11/2015,0,
03/12/2015,0,
03/13/2015,0,
03/14/2015,0,
03/15/2015,0,
03/16/2015,0,
03/17/2015,0,
03/18/2015,0,
03/19/2015,0,
03/20/2015,0,
03/21/2015,0,
03/22/2015,0,
03/23/2015,0,
03/24/2015,0,
03/25/2015,0,
03/26/2015,0,
03/27/2015,0,
03/28/2015,--,
03/29/2015,0,
03/30/2015,0,
03/31/2015,0,
04/01/2015,0,
04/02/2015,0,
04/03/2015,0,
04/04/2015,0,
04/05/2015,0,
04/06/2015,0,
04/07/2015,0,
04/08/2015,0,
04/09/2015,0,
04/10/2015,0,
04/11/2015,0,
04/12/2015,0,
04/13/2015,0,
04/14/2015,0,
04/15/2015,0,
04/16/2015,0,
04/17/2015,0,
04/18/2015,0,
04/19/2015,0,
04/20/2015,0,
04/21/2015,0,
04/22/2015,0,
04/23/2015,0,
04/24/2015,0,
04/25/2015,0,
04/26/2015,0,
04/27/2015,0,
04/28/2015,0,
04/29/2015,0,
04/30/2015,0,
05/01/2015,0,
05/02/2015,0,
05/03/2015,0,
05/04/2015,0,
05/05/2015,0,
05/06/2015,0,
05/07/2015,0,
05/08/2015,0,
05/09/2015,0,
05/10/2015,0,
05/11/2015,0,
05/12/2015,0,
05/13/2015,0,
05/14/2015,0,
05/15/2015,0,
05/16/2015,0,
05/17/2015,0,
05/18/2015,0,
05/19/2015,0,
05/20/2015,0,
05/21/2015,0,
05/22/2015,0,
05/23/2015,0,
05/24/2015,0,
05/25/2015,0,
05/26/2015,0,
05/27/2015,0,
05/28/2015,0,
05/29/2015,0,
05/30/2015,0,
05/31/2015,0,
06/01/2015,0,
06/02/2015,0,
06/03/2015,0,
06/04/2015,0,
06/05/2015,0,
06/06/2015,0,
06/07/2015,0,
06/08/2015,0,
06/09/2015,0,
06/10/2015,0,
06/11/2015,0,
06/12/2015,0,
06/13/2015,0,
06/14/2015,0,
06/15/2015,0,
06/16/2015,0,
06/17/2015,0,
06/18/2015,0,
06/19/2015,0,
06/20/2015,0,
06/21/2015,0,
06/22/2015,44,
06/23/2015,84,
06/24/2015,103,
06/25/2015,102,
06/26/2015,93,
06/27/2015,86,
06/28/2015,86,
06/29/2015,85,
06/30/2015,85,
07/01/2015,32,
07/02/2015,3,
07/03/2015,4,
07/04/2015,4,
07/05/2015,4,
07/06/2015,2,
07/07/2015,0,
07/08/2015,0,
07/09/2015,0,
07/10/2015,0,
07/11/2015,0,
07/12/2015,0,
07/13/2015,0,
07/14/2015,0,
07/15/2015,0,
07/16/2015,0,
07/17/2015,0,
07/18/2015,0,
07/19/2015,0,
07/20/2015,0,
07/21/2015,0,
07/22/2015,0,
07/23/2015,0,
07/24/2015,0,
07/25/2015,0,
07/26/2015,0,
07/27/2015,0,
07/28/2015,0,
07/29/2015,0,
07/30/2015,0,
07/31/2015,0,
08/01/2015,0,
08/02/2015,0,
08/03/2015,0,
08/04/2015,0,
08/05/2015,0,
08/06/2015,0,
08/07/2015,0,
08/08/2015,0,
08/09/2015,0,
08/10/2015,0,
08/11/2015,0,
08/12/2015,0,
08/13/2015,0,
08/14/2015,0,
08/15/2015,0,
08/16/2015,0,
08/17/2015,0,
08/18/2015,0,
08/19/2015,0,
08/20/2015,0,
08/21/2015,0,
08/22/2015,0,
08/23/2015,0,
08/24/2015,0,
08/25/2015,0,
08/26/2015,0,
08/27/2015,0,
08/28/2015,0,
08/29/2015,0,
08/30/2015,0,
08/31/2015,0,
09/01/2015,0,
09/02/2015,0,
09/03/2015,0,
09/04/2015,0,
09/05/2015,0,
09/06/2015,0,
09/07/2015,0,
09/08/2015,0,
09/09/2015,0,
09/10/2015,0,
09/11/2015,0,
09/12/2015,0,
09/13/2015,0,
09/14/2015,0,
09/15/2015,0,
09/16/2015,0,
09/17/2015,0,
09/18/2015,0,
09/19/2015,0,
09/20/2015,0,
09/21/2015,0,
09/22/2015,0,
09/23/2015,0,
09/24/2015,0,
09/25/2015,0,
09/26/2015,0,
09/27/2015,0,
09/28/2015,0,
09/29/2015,0,
09/30/2015,0,
10/01/2015,0,
10/02/2015,0,
10/03/2015,0,
10/04/2015,0,
10/05/2015,0,
10/06/2015,0,
10/07/2015,0,
10/08/2015,0,
10/09/2015,0,
10/10/2015,0,
10/11/2015,0,
10/12/2015,0,
10/13/2015,0,
10/14/2015,0,
10/15/2015,0,
10/16/2015,0,
10/17/2015,0,
10/18/2015,0,
10/19/2015,0,
10/20/2015,0,
10/21/2015,0,
10/22/2015,0,
10/23/2015,0,
10/24/2015,0,
10/25/2015,0,
10/26/2015,0,
10/27/2015,0,
10/28/2015,0,
10/29/2015,0,
10/30/2015,0,
10/31/2015,0,
11/01/2015,0,
11/02/2015,0,
11/03/2015,0,
11/04/2015,0,
11/05/2015,0,
11/06/2015,0,
11/07/2015,0,
11/08/2015,0,
11/09/2015,0,
11/10/2015,0,
11/11/2015,0,
11/12/2015,0,
11/13/2015,0,
11/14/2015,0,
11/15/2015,0,
11/16/2015,0,
11/17/2015,0,
11/18/2015,0,
11/19/2015,0,
11/20/2015,0,
11/21/2015,0,
11/22/2015,0,
11/23/2015,0,
11/24/2015,0,
11/25/2015,0,
11/26/2015,0,
11/27/2015,0,
11/28/2015,0,
11/29/2015,0,
11/30/2015,0,
12/01/2015,0,
12/02/2015,0,
12/03/2015,0,
12/04/2015,0,
12/05/2015,0,
12/06/2015,0,
12/07/2015,0,
12/08/2015,0,
12/09/2015,0,
12/10/2015,0,
12/11/2015,0,
12/12/2015,0,
12/13/2015,0,
12/14/2015,0,
12/15/2015,0,
12/16/2015,0,
12/17/2015,0,
12/18/2015,0,
12/19/2015,0,
12/20/2015,0,
12/21/2015,0,
12/22/2015,0,
12/23/2015,0,
12/24/2015,0,
12/25/2015,0,
12/26/2015,0,
12/27/2015,0,
12/28/2015,0,
12/29/2015,0,
12/30/2015,0,
12/31/2015,--,
01/01/2016,0,
01/02/2016,0,
01/03/2016,0,
01/04/2016,0,
01/05/2016,0,
01/06/2016,1,
01/07/2016,1,
01/08/2016,0,
01/09/2016,0,
01/10/2016,1,
01/11/2016,0,
01/12/2016,0,
01/13/2016,0,
01/14/2016,0,
01/15/2016,0,
01/16/2016,0,
01/17/2016,0,
01/18/2016,1,
01/19/2016,3,
01/20/2016,3,
01/21/2016,1,
01/22/2016,0,
01/23/2016,1,
01/24/2016,1,
01/25/2016,1,
01/26/2016,0,
01/27/2016,0,
01/28/2016,0,
01/29/2016,0,
01/30/2016,1,
01/31/2016,3,
02/01/2016,2,
02/02/2016,1,
02/03/2016,0,
02/04/2016,0,
02/05/2016,0,
02/06/2016,0,
02/07/2016,0,
02/08/2016,0,
02/09/2016,0,
02/10/2016,0,
02/11/2016,0,
02/12/2016,0,
02/13/2016,0,
02/14/2016,0,
02/15/2016,0,
02/16/2016,0,
02/17/2016,0,
02/18/2016,0,
02/19/2016,0,
02/20/2016,0,
02/21/2016,0,
02/22/2016,0,
02/23/2016,0,
02/24/2016,0,
02/25/2016,0,
02/26/2016,0,
02/27/2016,0,
02/28/2016,1,
02/29/2016,0,
03/01/2016,0,
03/02/2016,0,
03/03/2016,0,
03/04/2016,0,
03/05/2016,0,
03/06/2016,0,
03/07/2016,1,
03/08/2016,0,
03/09/2016,0,
03/10/2016,0,
03/11/2016,0,
03/12/2016,0,
03/13/2016,1,
03/14/2016,1,
03/15/2016,1,
03/16/2016,1,
03/17/2016,0,
03/18/2016,0,
03/19/2016,1,
03/20/2016,1,
03/21/2016,0,
03/22/2016,0,
03/23/2016,0,
03/24/2016,0,
03/25/2016,0,
03/26/2016,0,
03/27/2016,0,
03/28/2016,0,
03/29/2016,0,
03/30/2016,0,
03/31/2016,0,
04/01/2016,0,
04/02/2016,0,
04/03/2016,1,
04/04/2016,1,
04/05/2016,1,
04/06/2016,1,
04/07/2016,0,
04/08/2016,0,
04/09/2016,0,
04/10/2016,0,
04/11/2016,0,
04/12/2016,0,
04/13/2016,0,
04/14/2016,0,
04/15/2016,0,
04/16/2016,0,
04/17/2016,0,
04/18/2016,0,
04/19/2016,0,
04/20/2016,0,
04/21/2016,0,
04/22/2016,0,
04/23/2016,0,
04/24/2016,0,
04/25/2016,0,
04/26/2016,79,
04/27/2016,118,
04/28/2016,116,
04/29/2016,118,
04/30/2016,128,
05/01/2016,128,
05/02/2016,128,
05/03/2016,109,
05/04/2016,100,
05/05/2016,101,
05/06/2016,101,
05/07/2016,101,
05/08/2016,101,
05/09/2016,101,
05/10/2016,111,
05/11/2016,126,
05/12/2016,125,
05/13/2016,125,
05/14/2016,125,
05/15/2016,125,
05/16/2016,125,
05/17/2016,138,
05/18/2016,160,
05/19/2016,160,
05/20/2016,156,
05/21/2016,148,
05/22/2016,148,
05/23/2016,137,
05/24/2016,136,
05/25/2016,149,
05/26/2016,155,
05/27/2016,160,
05/28/2016,161,
05/29/2016,157,
05/30/2016,157,
05/31/2016,160,
06/01/2016,166,
06/02/2016,171,
06/03/2016,181,
06/04/2016,175,
06/05/2016,164,
06/06/2016,164,
06/07/2016,165,
06/08/2016,166,
06/09/2016,165,
06/10/2016,169,
06/11/2016,171,
06/12/2016,164,
06/13/2016,164,
06/14/2016,161,
06/15/2016,156,
06/16/2016,156,
06/17/2016,155,
06/18/2016,151,
06/19/2016,145,
06/20/2016,145,
06/21/2016,148,
06/22/2016,158,
06/23/2016,165,
06/24/2016,165,
06/25/2016,166,
06/26/2016,169,
06/27/2016,176,
06/28/2016,176,
06/29/2016,170,
06/30/2016,164,
07/01/2016,164,
07/02/2016,161,
07/03/2016,156,
07/04/2016,156,
07/05/2016,156,
07/06/2016,154,
07/07/2016,154,
07/08/2016,158,
07/09/2016,166,
07/10/2016,161,
07/11/2016,156,
07/12/2016,156,
07/13/2016,156,
07/14/2016,156,
07/15/2016,156,
07/16/2016,155,
07/17/2016,155,
07/18/2016,154,
07/19/2016,154,
07/20/2016,154,
07/21/2016,154,
07/22/2016,154,
07/23/2016,154,
07/24/2016,154,
07/25/2016,154,
07/26/2016,155,
07/27/2016,152,
07/28/2016,143,
07/29/2016,136,
07/30/2016,131,
07/31/2016,124,
08/01/2016,126,
08/02/2016,124,
08/03/2016,123,
08/04/2016,124,
08/05/2016,125,
08/06/2016,121,
08/07/2016,114,
08/08/2016,114,
08/09/2016,110,
08/10/2016,105,
08/11/2016,106,
08/12/2016,106,
08/13/2016,106,
08/14/2016,106,
08/15/2016,106,
08/16/2016,106,
08/17/2016,105,
08/18/2016,105,
08/19/2016,105,
08/20/2016,105,
08/21/2016,104,
08/22/2016,103,
08/23/2016,103,
08/24/2016,103,
08/25/2016,103,
08/26/2016,103,
08/27/2016,103,
08/28/2016,102,
08/29/2016,102,
08/30/2016,102,
08/31/2016,102,
09/01/2016,102,
09/02/2016,102,
09/03/2016,100,
09/04/2016,100,
09/05/2016,100,
09/06/2016,100,
09/07/2016,100,
09/08/2016,38,
09/09/2016,1,
09/10/2016,2,
09/11/2016,3,
09/12/2016,2,
09/13/2016,0,
09/14/2016,1,
09/15/2016,1,
09/16/2016,2,
09/17/2016,2,
09/18/2016,2,
09/19/2016,2,
09/20/2016,2,
09/21/2016,2,
09/22/2016,3,
09/23/2016,3,
09/24/2016,3,
09/25/2016,3,
09/26/2016,3,
09/27/2016,2,
09/28/2016,2,
09/29/2016,2,
09/30/2016,2,
10/01/2016,2,
10/02/2016,3,
10/03/2016,2,
10/04/2016,1,
10/05/2016,1,
10/06/2016,1,
10/07/2016,1,
10/08/2016,1,
10/09/2016,1,
10/10/2016,1,
10/11/2016,1,
10/12/2016,1,
10/13/2016,1,
10/14/2016,1,
10/15/2016,1,
10/16/2016,0,
10/17/2016,0,
10/18/2016,0,
10/19/2016,1,
10/20/2016,0,
10/21/2016,0,
10/22/2016,0,
10/23/2016,0,
10/24/2016,0,
10/25/2016,0,
10/26/2016,0,
10/27/2016,0,
10/28/2016,0,
10/29/2016,0,
10/30/2016,0,
10/31/2016,0,
11/01/2016,0,
11/02/2016,0,
11/03/2016,0,
11/04/2016,0,
11/05/2016,0,
11/06/2016,0,
11/07/2016,0,
11/08/2016,0,
11/09/2016,0,
11/10/2016,0,
11/11/2016,0,
11/12/2016,0,
11/13/2016,0,
11/14/2016,0,
11/15/2016,0,
11/16/2016,0,
11/17/2016,0,
11/18/2016,0,
11/19/2016,0,
11/20/2016,0,
11/21/2016,0,
11/22/2016,0,
11/23/2016,0,
11/24/2016,0,
11/25/2016,0,
11/26/2016,0,
11/27/2016,1,
11/28/2016,0,
11/29/2016,1,
11/30/2016,1,
12/01/2016,1,
12/02/2016,1,
12/03/2016,1,
12/04/2016,0,
12/05/2016,0,
12/06/2016,0,
12/07/2016,0,
12/08/2016,1,
12/09/2016,1,
12/10/2016,1,
12/11/2016,1,
12/12/2016,1,
12/13/2016,1,
12/14/2016,0,
12/15/2016,1,
12/16/2016,2,
12/17/2016,2,
12/18/2016,1,
12/19/2016,1,
12/20/2016,1,
12/21/2016,1,
12/22/2016,0,
12/23/2016,1,
12/24/2016,1,
12/25/2016,1,
12/26/2016,1,
12/27/2016,1,
12/28/2016,2,
12/29/2016,1,
12/30/2016,1,
12/31/2016,--,
01/01/2017,1,
01/02/2017,1,
01/03/2017,1,
01/04/2017,1,
01/05/2017,1,
01/06/2017,45,
01/07/2017,137,
01/08/2017,523,
01/09/2017,"1,550",
01/10/2017,"1,943",
01/11/2017,"2,048",
01/12/2017,"2,113",
01/13/2017,"2,097",
01/14/2017,"2,072",
01/15/2017,"2,047",
01/16/2017,"2,013",
01/17/2017,"1,706",
01/18/2017,"1,495",
01/19/2017,"1,491",
01/20/2017,"1,507",
01/21/2017,"1,522",
01/22/2017,"1,533",
01/23/2017,"1,565",
01/24/2017,"1,540",
01/25/2017,"1,514",
01/26/2017,"1,506",
01/27/2017,"1,499",
01/28/2017,"1,496",
01/29/2017,"1,486",
01/30/2017,"1,490",
01/31/2017,"1,234",
02/01/2017,782,
02/02/2017,603,
02/03/2017,605,
02/04/2017,608,
02/05/2017,610,
02/06/2017,"1,088",
02/07/2017,"1,767",
02/08/2017,"2,050",
02/09/2017,"2,001",
02/10/2017,"2,000",
02/11/2017,"2,048",
02/12/2017,"2,055",
02/13/2017,"2,311",
02/14/2017,"2,487",
02/15/2017,"2,477",
02/16/2017,"2,482",
02/17/2017,"2,492",
02/18/2017,"2,520",
02/19/2017,"1,984",
02/20/2017,"1,479",
02/21/2017,"1,503",
02/22/2017,"1,515",
02/23/2017,"1,525",
02/24/2017,"1,516",
02/25/2017,"1,521",
02/26/2017,"1,527",
02/27/2017,"1,530",
02/28/2017,"1,521",
03/01/2017,"1,511",
03/02/2017,"1,497",
03/03/2017,"1,483",
03/04/2017,"1,213",
03/05/2017,998,
03/06/2017,719,
03/07/2017,508,
03/08/2017,508,
03/09/2017,508,
03/10/2017,363,
03/11/2017,194,
03/12/2017,194,
03/13/2017,192,
03/14/2017,189,
03/15/2017,139,
03/16/2017,99,
03/17/2017,99,
03/18/2017,99,
03/19/2017,100,
03/20/2017,100,
03/21/2017,65,
03/22/2017,3,
03/23/2017,3,
03/24/2017,3,
03/25/2017,1,
03/26/2017,1,
03/27/2017,1,
03/28/2017,2,
03/29/2017,4,
03/30/2017,6,
03/31/2017,5,
04/01/2017,3,
04/02/2017,3,
04/03/2017,1,
04/04/2017,1,
04/05/2017,1,
04/06/2017,2,
04/07/2017,4,
04/08/2017,4,
04/09/2017,3,
04/10/2017,1,
04/11/2017,2,
04/12/2017,3,
04/13/2017,3,
04/14/2017,3,
04/15/2017,3,
04/16/2017,3,
04/17/2017,1,
04/18/2017,2,
04/19/2017,1,
04/20/2017,1,
04/21/2017,2,
04/22/2017,2,
04/23/2017,2,
04/24/2017,1,
04/25/2017,1,
04/26/2017,0,
04/27/2017,1,
04/28/2017,1,
04/29/2017,1,
04/30/2017,2,
05/01/2017,57,
05/02/2017,103,
05/03/2017,101,
05/04/2017,100,
05/05/2017,100,
05/06/2017,100,
05/07/2017,101,
05/08/2017,101,
05/09/2017,101,
05/10/2017,101,
05/11/2017,101,
05/12/2017,101,
05/13/2017,101,
05/14/2017,101,
05/15/2017,101,
05/16/2017,102,
05/17/2017,102,
05/18/2017,102,
05/19/2017,110,
05/20/2017,125,
05/21/2017,124,
05/22/2017,124,
05/23/2017,125,
05/24/2017,139,
05/25/2017,169,
05/26/2017,180,
05/27/2017,180,
05/28/2017,180,
05/29/2017,180,
05/30/2017,180,
05/31/2017,180,
06/01/2017,180,
06/02/2017,180,
06/03/2017,180,
06/04/2017,180,
06/05/2017,180,
06/06/2017,242,
06/07/2017,281,
06/08/2017,281,
06/09/2017,282,
06/10/2017,281,
06/11/2017,281,
06/12/2017,281,
06/13/2017,280,
06/14/2017,280,
06/15/2017,280,
06/16/2017,280,
06/17/2017,280,
06/18/2017,279,
06/19/2017,281,
06/20/2017,283,
06/21/2017,283,
06/22/2017,283,
06/23/2017,283,
06/24/2017,283,
06/25/2017,283,
06/26/2017,283,
06/27/2017,283,
06/28/2017,283,
06/29/2017,283,
06/30/2017,283,
07/01/2017,283,
07/02/2017,283,
07/03/2017,281,
07/04/2017,280,
07/05/2017,281,
07/06/2017,282,
07/07/2017,278,
07/08/2017,274,
07/09/2017,269,
07/10/2017,279,
07/11/2017,286,
07/12/2017,287,
07/13/2017,285,
07/14/2017,285,
07/15/2017,284,
07/16/2017,283,
07/17/2017,284,
07/18/2017,282,
07/19/2017,282,
07/20/2017,282,
07/21/2017,282,
07/22/2017,283,
07/23/2017,284,
07/24/2017,283,
07/25/2017,279,
07/26/2017,279,
07/27/2017,282,
07/28/2017,282,
07/29/2017,297,
07/30/2017,303,
07/31/2017,303,
08/01/2017,303,
08/02/2017,304,
08/03/2017,304,
08/04/2017,304,
08/05/2017,303,
08/06/2017,289,
08/07/2017,270,
08/08/2017,274,
08/09/2017,277,
08/10/2017,277,
08/11/2017,266,
08/12/2017,251,
08/13/2017,252,
08/14/2017,252,
08/15/2017,249,
08/16/2017,242,
08/17/2017,222,
08/18/2017,213,
08/19/2017,214,
08/20/2017,215,
08/21/2017,197,
08/22/2017,181,
08/23/2017,182,
08/24/2017,178,
08/25/2017,178,
08/26/2017,183,
08/27/2017,181,
08/28/2017,180,
08/29/2017,179,
08/30/2017,179,
08/31/2017,179,
09/01/2017,180,
09/02/2017,180,
09/03/2017,182,
09/04/2017,180,
09/05/2017,179,
09/06/2017,178,
09/07/2017,179,
09/08/2017,178,
09/09/2017,176,
09/10/2017,176,
09/11/2017,180,
09/12/2017,183,
09/13/2017,182,
09/14/2017,182,
09/15/2017,181,
09/16/2017,181,
09/17/2017,180,
09/18/2017,180,
09/19/2017,180,
09/20/2017,170,
09/21/2017,166,
09/22/2017,168,
09/23/2017,168,
09/24/2017,168,
09/25/2017,167,
09/26/2017,167,
09/27/2017,166,
09/28/2017,164,
09/29/2017,163,
09/30/2017,163,
10/01/2017,162,
10/02/2017,164,
10/03/2017,166,
10/04/2017,165,
10/05/2017,164,
10/06/2017,164,
10/07/2017,164,
10/08/2017,163,
10/09/2017,163,
10/10/2017,165,
10/11/2017,166,
10/12/2017,166,
10/13/2017,164,
10/14/2017,164,
10/15/2017,163,
10/16/2017,115,
10/17/2017,69,
10/18/2017,1,
10/19/2017,1,
10/20/2017,2,
10/21/2017,2,
10/22/2017,1,
10/23/2017,1,
10/24/2017,1,
10/25/2017,1,
10/26/2017,1,
10/27/2017,1,
10/28/2017,1,
10/29/2017,2,
10/30/2017,1,
10/31/2017,0,
11/01/2017,0,
11/02/2017,1,
11/03/2017,0,
11/04/2017,0,
11/05/2017,0,
11/06/2017,0,
11/07/2017,0,
11/08/2017,0,
11/09/2017,0,
11/10/2017,1,
11/11/2017,1,
11/12/2017,0,
11/13/2017,0,
11/14/2017,0,
11/15/2017,0,
11/16/2017,0,
11/17/2017,0,
11/18/2017,0,
11/19/2017,0,
11/20/2017,0,
11/21/2017,0,
11/22/2017,1,
11/23/2017,1,
11/24/2017,1,
11/25/2017,1,
11/26/2017,1,
11/27/2017,1,
11/28/2017,0,
11/29/2017,0,
11/30/2017,0,
12/01/2017,0,
12/02/2017,0,
12/03/2017,0,
12/04/2017,0,
12/05/2017,0,
12/06/2017,0,
12/07/2017,0,
12/08/2017,0,
12/09/2017,0,
12/10/2017,0,
12/11/2017,1,
12/12/2017,1,
12/13/2017,1,
12/14/2017,1,
12/15/2017,1,
12/16/2017,1,
12/17/2017,1,
12/18/2017,1,
12/19/2017,1,
12/20/2017,1,
12/21/2017,1,
12/22/2017,1,
12/23/2017,1,
12/24/2017,1,
12/25/2017,1,
12/26/2017,1,
12/27/2017,1,
12/28/2017,1,
12/29/2017,1,
12/30/2017,1,
12/31/2017,--,
01/01/2018,1,
01/02/2018,1,
01/03/2018,1,
01/04/2018,0,
01/05/2018,0,
01/06/2018,0,
01/07/2018,1,
01/08/2018,1,
01/09/2018,0,
01/10/2018,0,
01/11/2018,0,
01/12/2018,0,
01/13/2018,0,
01/14/2018,0,
01/15/2018,0,
01/16/2018,0,
01/17/2018,0,
01/18/2018,0,
01/19/2018,0,
01/20/2018,0,
01/21/2018,0,
01/22/2018,0,
01/23/2018,0,
01/24/2018,0,
01/25/2018,0,
01/26/2018,0,
01/27/2018,0,
01/28/2018,0,
01/29/2018,367,
01/30/2018,5,
01/31/2018,0,
02/01/2018,0,
02/02/2018,0,
02/03/2018,0,
02/04/2018,0,
02/05/2018,0,
02/06/2018,0,
02/07/2018,0,
02/08/2018,0,
02/09/2018,0,
02/10/2018,0,
02/11/2018,0,
02/12/2018,0,
02/13/2018,0,
02/14/2018,0,
02/15/2018,0,
02/16/2018,0,
02/17/2018,0,
02/18/2018,0,
02/19/2018,0,
02/20/2018,0,
02/21/2018,0,
02/22/2018,0,
02/23/2018,0,
02/24/2018,0,
02/25/2018,0,
02/26/2018,0,
02/27/2018,0,
02/28/2018,0,
03/01/2018,0,
03/02/2018,1,
03/03/2018,0,
03/04/2018,1,
03/05/2018,0,
03/06/2018,0,
03/07/2018,0,
03/08/2018,0,
03/09/2018,0,
03/10/2018,0,
03/11/2018,1,
03/12/2018,1,
03/13/2018,1,
03/14/2018,1,
03/15/2018,1,
03/16/2018,2,
03/17/2018,1,
03/18/2018,1,
03/19/2018,1,
03/20/2018,1,
03/21/2018,2,
03/22/2018,2,
03/23/2018,1,
03/24/2018,1,
03/25/2018,1,
03/26/2018,1,
03/27/2018,2,
03/28/2018,2,
03/29/2018,3,
03/30/2018,3,
03/31/2018,3,
04/01/2018,4,
04/02/2018,4,
04/03/2018,4,
04/04/2018,5,
04/05/2018,5,
04/06/2018,3,
04/07/2018,1,
04/08/2018,1,
04/09/2018,1,
04/10/2018,1,
04/11/2018,0,
04/12/2018,0,
04/13/2018,0,
04/14/2018,0,
04/15/2018,0,
04/16/2018,0,
04/17/2018,0,
04/18/2018,0,
04/19/2018,0,
04/20/2018,0,
04/21/2018,0,
04/22/2018,0,
04/23/2018,0,
04/24/2018,0,
04/25/2018,0,
04/26/2018,0,
04/27/2018,0,
04/28/2018,0,
04/29/2018,0,
04/30/2018,0,
05/01/2018,0,
05/02/2018,0,
05/03/2018,0,
05/04/2018,37,
05/05/2018,97,
05/06/2018,97,
05/07/2018,100,
05/08/2018,104,
05/09/2018,104,
05/10/2018,150,
05/11/2018,179,
05/12/2018,161,
05/13/2018,153,
05/14/2018,153,
05/15/2018,153,
05/16/2018,151,
05/17/2018,147,
05/18/2018,142,
05/19/2018,135,
05/20/2018,141,
05/21/2018,151,
05/22/2018,154,
05/23/2018,158,
05/24/2018,169,
05/25/2018,170,
05/26/2018,164,
05/27/2018,162,
05/28/2018,159,
05/29/2018,161,
05/30/2018,164,
05/31/2018,167,
06/01/2018,168,
06/02/2018,165,
06/03/2018,163,
06/04/2018,156,
06/05/2018,154,
06/06/2018,166,
06/07/2018,175,
06/08/2018,179,
06/09/2018,181,
06/10/2018,178,
06/11/2018,178,
06/12/2018,175,
06/13/2018,181,
06/14/2018,180,
06/15/2018,180,
06/16/2018,175,
06/17/2018,172,
06/18/2018,181,
06/19/2018,187,
06/20/2018,186,
06/21/2018,180,
06/22/2018,180,
06/23/2018,179,
06/24/2018,176,
06/25/2018,167,
06/26/2018,159,
06/27/2018,164,
06/28/2018,171,
06/29/2018,175,
06/30/2018,176,
07/01/2018,168,
07/02/2018,168,
07/03/2018,177,
07/04/2018,188,
07/05/2018,183,
07/06/2018,179,
07/07/2018,178,
07/08/2018,178,
07/09/2018,178,
07/10/2018,179,
07/11/2018,181,
07/12/2018,180,
07/13/2018,175,
07/14/2018,169,
07/15/2018,169,
07/16/2018,174,
07/17/2018,186,
07/18/2018,191,
07/19/2018,185,
07/20/2018,183,
07/21/2018,191,
07/22/2018,191,
07/23/2018,196,
07/24/2018,197,
07/25/2018,191,
07/26/2018,185,
07/27/2018,178,
07/28/2018,177,
07/29/2018,178,
07/30/2018,173,
07/31/2018,161,
08/01/2018,159,
08/02/2018,159,
08/03/2018,155,
08/04/2018,149,
08/05/2018,148,
08/06/2018,153,
08/07/2018,161,
08/08/2018,155,
08/09/2018,144,
08/10/2018,144,
08/11/2018,138,
08/12/2018,129,
08/13/2018,130,
08/14/2018,125,
08/15/2018,120,
08/16/2018,118,
08/17/2018,119,
08/18/2018,115,
08/19/2018,109,
08/20/2018,108,
08/21/2018,109,
08/22/2018,110,
08/23/2018,114,
08/24/2018,120,
08/25/2018,120,
08/26/2018,119,
08/27/2018,116,
08/28/2018,111,
08/29/2018,111,
08/30/2018,111,
08/31/2018,111,
09/01/2018,110,
09/02/2018,110,
09/03/2018,40,
09/04/2018,1,
09/05/2018,0,
09/06/2018,0,
09/07/2018,0,
09/08/2018,1,
09/09/2018,1,
09/10/2018,1,
09/11/2018,1,
09/12/2018,1,
09/13/2018,1,
09/14/2018,1,
09/15/2018,1,
09/16/2018,1,
09/17/2018,1,
09/18/2018,1,
09/19/2018,1,
09/20/2018,1,
09/21/2018,1,
09/22/2018,1,
09/23/2018,1,
09/24/2018,1,
09/25/2018,1,
09/26/2018,1,
09/27/2018,1,
09/28/2018,1,
09/29/2018,1,
09/30/2018,1,
10/01/2018,1,
10/02/2018,1,
10/03/2018,1,
10/04/2018,1,
10/05/2018,1,
10/06/2018,1,
10/07/2018,1,
10/08/2018,0,
10/09/2018,0,
10/10/2018,0,
10/11/2018,0,
10/12/2018,0,
10/13/2018,0,
10/14/2018,0,
10/15/2018,0,
10/16/2018,0,
10/17/2018,0,
10/18/2018,0,
10/19/2018,0,
10/20/2018,0,
10/21/2018,0,
10/22/2018,0,
10/23/2018,0,
10/24/2018,0,
10/25/2018,0,
10/26/2018,0,
10/27/2018,0,
10/28/2018,0,
10/29/2018,0,
10/30/2018,0,
10/31/2018,0,
11/01/2018,0,
11/02/2018,0,
11/03/2018,0,
11/04/2018,0,
11/05/2018,0,
11/06/2018,0,
11/07/2018,0,
11/08/2018,0,
11/09/2018,0,
11/10/2018,0,
11/11/2018,0,
11/12/2018,0,
11/13/2018,0,
11/14/2018,0,
11/15/2018,0,
11/16/2018,0,
11/17/2018,0,
11/18/2018,0,
11/19/2018,0,
11/20/2018,0,
11/21/2018,0,
11/22/2018,0,
11/23/2018,0,
11/24/2018,0,
11/25/2018,0,
11/26/2018,0,
11/27/2018,0,
11/28/2018,0,
11/29/2018,0,
11/30/2018,0,
12/01/2018,0,
12/02/2018,0,
12/03/2018,0,
12/04/2018,0,