DATE / TIME (PST),OUTFLOW CFS
09/17/2002,0
09/18/2002,0
09/19/2002,0
09/20/2002,0
09/21/2002,0
09/22/2002,0
09/23/2002,0
09/24/2002,--
09/25/2002,--
09/26/2002,0
09/27/2002,0
09/28/2002,0
09/29/2002,0
09/30/2002,0
10/01/2002,0
10/02/2002,0
10/03/2002,0
10/04/2002,0
10/05/2002,0
10/06/2002,0
10/07/2002,0
10/08/2002,0
10/09/2002,0
10/10/2002,0
10/11/2002,0
10/12/2002,0
10/13/2002,0
10/14/2002,0
10/15/2002,0
10/16/2002,0
10/17/2002,0
10/18/2002,0
10/19/2002,0
10/20/2002,0
10/21/2002,0
10/22/2002,0
10/23/2002,--
10/24/2002,--
10/25/2002,0
10/26/2002,--
10/27/2002,0
10/28/2002,0
10/29/2002,0
10/30/2002,0
10/31/2002,0
11/01/2002,0
11/02/2002,0
11/03/2002,0
11/04/2002,0
11/05/2002,0
11/06/2002,0
11/07/2002,0
11/08/2002,0
11/09/2002,--
11/10/2002,--
11/11/2002,--
11/12/2002,--
11/13/2002,--
11/14/2002,--
11/15/2002,--
11/16/2002,--
11/17/2002,--
11/18/2002,--
11/19/2002,0
11/20/2002,0
11/21/2002,0
11/22/2002,0
11/23/2002,0
11/24/2002,0
11/25/2002,0
11/26/2002,0
11/27/2002,0
11/28/2002,0
11/29/2002,0
11/30/2002,0
12/01/2002,--
12/02/2002,0
12/03/2002,0
12/04/2002,0
12/05/2002,0
12/06/2002,--
12/07/2002,0
12/08/2002,0
12/09/2002,0
12/10/2002,0
12/11/2002,0
12/12/2002,--
12/13/2002,0
12/14/2002,0
12/15/2002,0
12/16/2002,0
12/17/2002,0
12/18/2002,0
12/19/2002,0
12/20/2002,0
12/21/2002,0
12/22/2002,0
12/23/2002,0
12/24/2002,0
12/25/2002,0
12/26/2002,0
12/27/2002,--
12/28/2002,0
12/29/2002,0
12/30/2002,0
12/31/2002,0
01/01/2003,0
01/02/2003,--
01/03/2003,0
01/04/2003,1
01/05/2003,1
01/06/2003,1
01/07/2003,1
01/08/2003,1
01/09/2003,0
01/10/2003,0
01/11/2003,--
01/12/2003,--
01/13/2003,--
01/14/2003,--
01/15/2003,--
01/16/2003,0
01/17/2003,0
01/18/2003,0
01/19/2003,0
01/20/2003,0
01/21/2003,0
01/22/2003,0
01/23/2003,0
01/24/2003,0
01/25/2003,0
01/26/2003,0
01/27/2003,0
01/28/2003,0
01/29/2003,0
01/30/2003,0
01/31/2003,0
02/01/2003,0
02/02/2003,0
02/03/2003,0
02/04/2003,0
02/05/2003,0
02/06/2003,0
02/07/2003,0
02/08/2003,0
02/09/2003,0
02/10/2003,0
02/11/2003,0
02/12/2003,0
02/13/2003,0
02/14/2003,0
02/15/2003,0
02/16/2003,0
02/17/2003,0
02/18/2003,0
02/19/2003,0
02/20/2003,0
02/21/2003,0
02/22/2003,0
02/23/2003,0
02/24/2003,0
02/25/2003,0
02/26/2003,0
02/27/2003,0
02/28/2003,0
03/01/2003,0
03/02/2003,0
03/03/2003,0
03/04/2003,0
03/05/2003,0
03/06/2003,0
03/07/2003,0
03/08/2003,0
03/09/2003,0
03/10/2003,0
03/11/2003,0
03/12/2003,0
03/13/2003,0
03/14/2003,0
03/15/2003,0
03/16/2003,0
03/17/2003,0
03/18/2003,0
03/19/2003,0
03/20/2003,0
03/21/2003,0
03/22/2003,0
03/23/2003,0
03/24/2003,0
03/25/2003,0
03/26/2003,0
03/27/2003,0
03/28/2003,0
03/29/2003,0
03/30/2003,0
03/31/2003,0
04/01/2003,0
04/02/2003,0
04/03/2003,0
04/04/2003,0
04/05/2003,0
04/06/2003,0
04/07/2003,0
04/08/2003,0
04/09/2003,0
04/10/2003,0
04/11/2003,0
04/12/2003,0
04/13/2003,0
04/14/2003,0
04/15/2003,0
04/16/2003,0
04/17/2003,0
04/18/2003,0
04/19/2003,0
04/20/2003,0
04/21/2003,0
04/22/2003,0
04/23/2003,0
04/24/2003,0
04/25/2003,0
04/26/2003,0
04/27/2003,0
04/28/2003,0
04/29/2003,0
04/30/2003,0
05/01/2003,0
05/02/2003,0
05/03/2003,0
05/04/2003,0
05/05/2003,0
05/06/2003,0
05/07/2003,0
05/08/2003,0
05/09/2003,0
05/10/2003,0
05/11/2003,0
05/12/2003,0
05/13/2003,0
05/14/2003,0
05/15/2003,0
05/16/2003,0
05/17/2003,0
05/18/2003,0
05/19/2003,0
05/20/2003,0
05/21/2003,0
05/22/2003,0
05/23/2003,0
05/24/2003,0
05/25/2003,0
05/26/2003,0
05/27/2003,0
05/28/2003,0
05/29/2003,0
05/30/2003,0
05/31/2003,0
06/01/2003,0
06/02/2003,0
06/03/2003,0
06/04/2003,0
06/05/2003,0
06/06/2003,0
06/07/2003,0
06/08/2003,0
06/09/2003,0
06/10/2003,0
06/11/2003,0
06/12/2003,0
06/13/2003,0
06/14/2003,0
06/15/2003,0
06/16/2003,0
06/17/2003,0
06/18/2003,0
06/19/2003,0
06/20/2003,--
06/21/2003,0
06/22/2003,0
06/23/2003,84
06/24/2003,112
06/25/2003,133
06/26/2003,153
06/27/2003,157
06/28/2003,183
06/29/2003,181
06/30/2003,180
07/01/2003,179
07/02/2003,160
07/03/2003,141
07/04/2003,141
07/05/2003,139
07/06/2003,138
07/07/2003,138
07/08/2003,102
07/09/2003,99
07/10/2003,199
07/11/2003,193
07/12/2003,195
07/13/2003,195
07/14/2003,196
07/15/2003,195
07/16/2003,194
07/17/2003,195
07/18/2003,201
07/19/2003,210
07/20/2003,211
07/21/2003,207
07/22/2003,205
07/23/2003,196
07/24/2003,190
07/25/2003,167
07/26/2003,167
07/27/2003,167
07/28/2003,176
07/29/2003,205
07/30/2003,199
07/31/2003,--
08/01/2003,164
08/02/2003,165
08/03/2003,164
08/04/2003,157
08/05/2003,152
08/06/2003,152
08/07/2003,150
08/08/2003,136
08/09/2003,120
08/10/2003,120
08/11/2003,120
08/12/2003,120
08/13/2003,120
08/14/2003,120
08/15/2003,120
08/16/2003,120
08/17/2003,120
08/18/2003,120
08/19/2003,--
08/20/2003,121
08/21/2003,121
08/22/2003,121
08/23/2003,121
08/24/2003,120
08/25/2003,120
08/26/2003,118
08/27/2003,100
08/28/2003,81
08/29/2003,80
08/30/2003,80
08/31/2003,79
09/01/2003,79
09/02/2003,72
09/03/2003,72
09/04/2003,--
09/05/2003,72
09/06/2003,72
09/07/2003,72
09/08/2003,72
09/09/2003,72
09/10/2003,72
09/11/2003,72
09/12/2003,72
09/13/2003,71
09/14/2003,71
09/15/2003,72
09/16/2003,79
09/17/2003,94
09/18/2003,100
09/19/2003,100
09/20/2003,101
09/21/2003,101
09/22/2003,100
09/23/2003,97
09/24/2003,91
09/25/2003,91
09/26/2003,91
09/27/2003,91
09/28/2003,91
09/29/2003,86
09/30/2003,85
10/01/2003,85
10/02/2003,85
10/03/2003,85
10/04/2003,85
10/05/2003,85
10/06/2003,84
10/07/2003,87
10/08/2003,82
10/09/2003,75
10/10/2003,75
10/11/2003,75
10/12/2003,75
10/13/2003,75
10/14/2003,75
10/15/2003,75
10/16/2003,75
10/17/2003,29
10/18/2003,6
10/19/2003,0
10/20/2003,0
10/21/2003,0
10/22/2003,0
10/23/2003,0
10/24/2003,0
10/25/2003,0
10/26/2003,0
10/27/2003,0
10/28/2003,0
10/29/2003,0
10/30/2003,0
10/31/2003,0
11/01/2003,0
11/02/2003,0
11/03/2003,0
11/04/2003,0
11/05/2003,0
11/06/2003,0
11/07/2003,0
11/08/2003,0
11/09/2003,0
11/10/2003,0
11/11/2003,0
11/12/2003,0
11/13/2003,0
11/14/2003,0
11/15/2003,0
11/16/2003,0
11/17/2003,0
11/18/2003,0
11/19/2003,0
11/20/2003,0
11/21/2003,0
11/22/2003,0
11/23/2003,0
11/24/2003,0
11/25/2003,0
11/26/2003,0
11/27/2003,0
11/28/2003,0
11/29/2003,0
11/30/2003,0
12/01/2003,0
12/02/2003,0
12/03/2003,0
12/04/2003,0
12/05/2003,0
12/06/2003,0
12/07/2003,0
12/08/2003,0
12/09/2003,0
12/10/2003,0
12/11/2003,0
12/12/2003,0
12/13/2003,0
12/14/2003,0
12/15/2003,0
12/16/2003,0
12/17/2003,0
12/18/2003,0
12/19/2003,0
12/20/2003,0
12/21/2003,--
12/22/2003,0
12/23/2003,0
12/24/2003,0
12/25/2003,--
12/26/2003,0
12/27/2003,--
12/28/2003,--
12/29/2003,0
12/30/2003,0
12/31/2003,--
01/01/2004,0
01/02/2004,0
01/03/2004,0
01/04/2004,0
01/05/2004,0
01/06/2004,0
01/07/2004,0
01/08/2004,0
01/09/2004,0
01/10/2004,0
01/11/2004,0
01/12/2004,--
01/13/2004,0
01/14/2004,0
01/15/2004,0
01/16/2004,0
01/17/2004,0
01/18/2004,0
01/19/2004,--
01/20/2004,--
01/21/2004,0
01/22/2004,0
01/23/2004,0
01/24/2004,0
01/25/2004,0
01/26/2004,0
01/27/2004,0
01/28/2004,0
01/29/2004,0
01/30/2004,0
01/31/2004,0
02/01/2004,0
02/02/2004,0
02/03/2004,0
02/04/2004,0
02/05/2004,0
02/06/2004,0
02/07/2004,0
02/08/2004,0
02/09/2004,0
02/10/2004,0
02/11/2004,0
02/12/2004,0
02/13/2004,0
02/14/2004,0
02/15/2004,0
02/16/2004,0
02/17/2004,0
02/18/2004,0
02/19/2004,0
02/20/2004,0
02/21/2004,0
02/22/2004,0
02/23/2004,0
02/24/2004,0
02/25/2004,0
02/26/2004,0
02/27/2004,0
02/28/2004,0
02/29/2004,0
03/01/2004,0
03/02/2004,0
03/03/2004,0
03/04/2004,0
03/05/2004,0
03/06/2004,0
03/07/2004,0
03/08/2004,0
03/09/2004,0
03/10/2004,0
03/11/2004,0
03/12/2004,0
03/13/2004,0
03/14/2004,0
03/15/2004,0
03/16/2004,0
03/17/2004,0
03/18/2004,0
03/19/2004,0
03/20/2004,0
03/21/2004,0
03/22/2004,0
03/23/2004,0
03/24/2004,0
03/25/2004,0
03/26/2004,0
03/27/2004,0
03/28/2004,0
03/29/2004,0
03/30/2004,0
03/31/2004,0
04/01/2004,0
04/02/2004,0
04/03/2004,0
04/04/2004,0
04/05/2004,0
04/06/2004,0
04/07/2004,0
04/08/2004,0
04/09/2004,0
04/10/2004,0
04/11/2004,0
04/12/2004,0
04/13/2004,0
04/14/2004,0
04/15/2004,0
04/16/2004,0
04/17/2004,0
04/18/2004,0
04/19/2004,0
04/20/2004,0
04/21/2004,0
04/22/2004,0
04/23/2004,0
04/24/2004,0
04/25/2004,0
04/26/2004,0
04/27/2004,0
04/28/2004,0
04/29/2004,0
04/30/2004,0
05/01/2004,--
05/02/2004,0
05/03/2004,0
05/04/2004,0
05/05/2004,0
05/06/2004,0
05/07/2004,--
05/08/2004,0
05/09/2004,0
05/10/2004,0
05/11/2004,0
05/12/2004,0
05/13/2004,0
05/14/2004,0
05/15/2004,0
05/16/2004,0
05/17/2004,70
05/18/2004,114
05/19/2004,128
05/20/2004,130
05/21/2004,116
05/22/2004,117
05/23/2004,117
05/24/2004,108
05/25/2004,107
05/26/2004,103
05/27/2004,105
05/28/2004,104
05/29/2004,104
05/30/2004,103
05/31/2004,103
06/01/2004,103
06/02/2004,103
06/03/2004,104
06/04/2004,102
06/05/2004,101
06/06/2004,95
06/07/2004,94
06/08/2004,94
06/09/2004,93
06/10/2004,92
06/11/2004,92
06/12/2004,92
06/13/2004,92
06/14/2004,94
06/15/2004,94
06/16/2004,89
06/17/2004,90
06/18/2004,89
06/19/2004,86
06/20/2004,134
06/21/2004,134
06/22/2004,134
06/23/2004,134
06/24/2004,133
06/25/2004,133
06/26/2004,133
06/27/2004,132
06/28/2004,132
06/29/2004,132
06/30/2004,131
07/01/2004,130
07/02/2004,123
07/03/2004,114
07/04/2004,114
07/05/2004,113
07/06/2004,125
07/07/2004,130
07/08/2004,126
07/09/2004,123
07/10/2004,122
07/11/2004,119
07/12/2004,116
07/13/2004,114
07/14/2004,116
07/15/2004,116
07/16/2004,116
07/17/2004,116
07/18/2004,115
07/19/2004,118
07/20/2004,117
07/21/2004,117
07/22/2004,117
07/23/2004,115
07/24/2004,114
07/25/2004,109
07/26/2004,106
07/27/2004,114
07/28/2004,116
07/29/2004,114
07/30/2004,107
07/31/2004,102
08/01/2004,106
08/02/2004,96
08/03/2004,93
08/04/2004,99
08/05/2004,103
08/06/2004,102
08/07/2004,102
08/08/2004,103
08/09/2004,103
08/10/2004,102
08/11/2004,98
08/12/2004,93
08/13/2004,92
08/14/2004,92
08/15/2004,92
08/16/2004,92
08/17/2004,91
08/18/2004,90
08/19/2004,89
08/20/2004,37
08/21/2004,2
08/22/2004,2
08/23/2004,1
08/24/2004,26
08/25/2004,97
08/26/2004,99
08/27/2004,39
08/28/2004,1
08/29/2004,2
08/30/2004,2
08/31/2004,0
09/01/2004,0
09/02/2004,0
09/03/2004,0
09/04/2004,0
09/05/2004,0
09/06/2004,0
09/07/2004,0
09/08/2004,0
09/09/2004,0
09/10/2004,0
09/11/2004,0
09/12/2004,0
09/13/2004,0
09/14/2004,0
09/15/2004,0
09/16/2004,0
09/17/2004,0
09/18/2004,0
09/19/2004,0
09/20/2004,0
09/21/2004,0
09/22/2004,0
09/23/2004,0
09/24/2004,0
09/25/2004,0
09/26/2004,0
09/27/2004,0
09/28/2004,0
09/29/2004,0
09/30/2004,0
10/01/2004,0
10/02/2004,0
10/03/2004,0
10/04/2004,0
10/05/2004,0
10/06/2004,0
10/07/2004,0
10/08/2004,0
10/09/2004,0
10/10/2004,0
10/11/2004,0
10/12/2004,0
10/13/2004,0
10/14/2004,0
10/15/2004,0
10/16/2004,0
10/17/2004,0
10/18/2004,0
10/19/2004,0
10/20/2004,0
10/21/2004,0
10/22/2004,0
10/23/2004,0
10/24/2004,0
10/25/2004,0
10/26/2004,0
10/27/2004,0
10/28/2004,0
10/29/2004,0
10/30/2004,0
10/31/2004,0
11/01/2004,0
11/02/2004,0
11/03/2004,0
11/04/2004,0
11/05/2004,0
11/06/2004,0
11/07/2004,0
11/08/2004,0
11/09/2004,0
11/10/2004,0
11/11/2004,0
11/12/2004,0
11/13/2004,0
11/14/2004,0
11/15/2004,0
11/16/2004,0
11/17/2004,0
11/18/2004,0
11/19/2004,0
11/20/2004,0
11/21/2004,0
11/22/2004,0
11/23/2004,0
11/24/2004,0
11/25/2004,0
11/26/2004,0
11/27/2004,0
11/28/2004,0
11/29/2004,0
11/30/2004,0
12/01/2004,0
12/02/2004,0
12/03/2004,0
12/04/2004,0
12/05/2004,0
12/06/2004,0
12/07/2004,0
12/08/2004,0
12/09/2004,0
12/10/2004,0
12/11/2004,0
12/12/2004,0
12/13/2004,0
12/14/2004,0
12/15/2004,0
12/16/2004,0
12/17/2004,0
12/18/2004,0
12/19/2004,0
12/20/2004,0
12/21/2004,0
12/22/2004,0
12/23/2004,0
12/24/2004,0
12/25/2004,0
12/26/2004,0
12/27/2004,0
12/28/2004,0
12/29/2004,0
12/30/2004,0
12/31/2004,0
01/01/2005,0
01/02/2005,0
01/03/2005,0
01/04/2005,0
01/05/2005,0
01/06/2005,0
01/07/2005,0
01/08/2005,0
01/09/2005,0
01/10/2005,0
01/11/2005,0
01/12/2005,0
01/13/2005,0
01/14/2005,0
01/15/2005,0
01/16/2005,0
01/17/2005,0
01/18/2005,0
01/19/2005,0
01/20/2005,0
01/21/2005,0
01/22/2005,0
01/23/2005,0
01/24/2005,0
01/25/2005,0
01/26/2005,0
01/27/2005,0
01/28/2005,0
01/29/2005,0
01/30/2005,0
01/31/2005,0
02/01/2005,0
02/02/2005,0
02/03/2005,0
02/04/2005,34
02/05/2005,70
02/06/2005,68
02/07/2005,93
02/08/2005,94
02/09/2005,81
02/10/2005,81
02/11/2005,93
02/12/2005,103
02/13/2005,104
02/14/2005,104
02/15/2005,104
02/16/2005,117
02/17/2005,125
02/18/2005,126
02/19/2005,126
02/20/2005,123
02/21/2005,121
02/22/2005,136
02/23/2005,167
02/24/2005,173
02/25/2005,173
02/26/2005,173
02/27/2005,173
02/28/2005,174
03/01/2005,180
03/02/2005,185
03/03/2005,185
03/04/2005,185
03/05/2005,185
03/06/2005,185
03/07/2005,161
03/08/2005,131
03/09/2005,128
03/10/2005,118
03/11/2005,114
03/12/2005,114
03/13/2005,114
03/14/2005,114
03/15/2005,114
03/16/2005,106
03/17/2005,95
03/18/2005,95
03/19/2005,96
03/20/2005,96
03/21/2005,130
03/22/2005,156
03/23/2005,287
03/24/2005,702
03/25/2005,886
03/26/2005,881
03/27/2005,872
03/28/2005,865
03/29/2005,700
03/30/2005,522
03/31/2005,471
04/01/2005,363
04/02/2005,325
04/03/2005,325
04/04/2005,325
04/05/2005,294
04/06/2005,261
04/07/2005,253
04/08/2005,--
04/09/2005,257
04/10/2005,257
04/11/2005,235
04/12/2005,199
04/13/2005,188
04/14/2005,161
04/15/2005,118
04/16/2005,97
04/17/2005,95
04/18/2005,99
04/19/2005,100
04/20/2005,98
04/21/2005,102
04/22/2005,106
04/23/2005,106
04/24/2005,106
04/25/2005,112
04/26/2005,126
04/27/2005,137
04/28/2005,138
04/29/2005,131
04/30/2005,120
05/01/2005,120
05/02/2005,110
05/03/2005,101
05/04/2005,100
05/05/2005,101
05/06/2005,94
05/07/2005,80
05/08/2005,80
05/09/2005,80
05/10/2005,133
05/11/2005,145
05/12/2005,84
05/13/2005,84
05/14/2005,82
05/15/2005,81
05/16/2005,98
05/17/2005,167
05/18/2005,187
05/19/2005,114
05/20/2005,98
05/21/2005,113
05/22/2005,113
05/23/2005,112
05/24/2005,115
05/25/2005,121
05/26/2005,133
05/27/2005,146
05/28/2005,146
05/29/2005,146
05/30/2005,145
05/31/2005,171
06/01/2005,196
06/02/2005,196
06/03/2005,187
06/04/2005,171
06/05/2005,171
06/06/2005,152
06/07/2005,130
06/08/2005,130
06/09/2005,124
06/10/2005,120
06/11/2005,120
06/12/2005,119
06/13/2005,139
06/14/2005,158
06/15/2005,173
06/16/2005,176
06/17/2005,175
06/18/2005,160
06/19/2005,160
06/20/2005,142
06/21/2005,137
06/22/2005,156
06/23/2005,169
06/24/2005,169
06/25/2005,169
06/26/2005,169
06/27/2005,174
06/28/2005,192
06/29/2005,208
06/30/2005,215
07/01/2005,232
07/02/2005,240
07/03/2005,239
07/04/2005,229
07/05/2005,231
07/06/2005,234
07/07/2005,209
07/08/2005,196
07/09/2005,169
07/10/2005,169
07/11/2005,201
07/12/2005,231
07/13/2005,241
07/14/2005,223
07/15/2005,216
07/16/2005,228
07/17/2005,228
07/18/2005,210
07/19/2005,200
07/20/2005,209
07/21/2005,228
07/22/2005,214
07/23/2005,186
07/24/2005,186
07/25/2005,192
07/26/2005,206
07/27/2005,206
07/28/2005,209
07/29/2005,208
07/30/2005,186
07/31/2005,167
08/01/2005,169
08/02/2005,181
08/03/2005,207
08/04/2005,216
08/05/2005,219
08/06/2005,226
08/07/2005,225
08/08/2005,225
08/09/2005,225
08/10/2005,216
08/11/2005,--
08/12/2005,--
08/13/2005,--
08/14/2005,--
08/15/2005,156
08/16/2005,141
08/17/2005,121
08/18/2005,114
08/19/2005,114
08/20/2005,114
08/21/2005,114
08/22/2005,114
08/23/2005,111
08/24/2005,105
08/25/2005,108
08/26/2005,112
08/27/2005,119
08/28/2005,116
08/29/2005,139
08/30/2005,159
08/31/2005,160
09/01/2005,160
09/02/2005,150
09/03/2005,129
09/04/2005,128
09/05/2005,129
09/06/2005,124
09/07/2005,114
09/08/2005,113
09/09/2005,105
09/10/2005,97
09/11/2005,97
09/12/2005,104
09/13/2005,41
09/14/2005,43
09/15/2005,107
09/16/2005,91
09/17/2005,85
09/18/2005,85
09/19/2005,79
09/20/2005,79
09/21/2005,83
09/22/2005,83
09/23/2005,83
09/24/2005,83
09/25/2005,83
09/26/2005,80
09/27/2005,71
09/28/2005,75
09/29/2005,93
09/30/2005,101
10/01/2005,101
10/02/2005,100
10/03/2005,104
10/04/2005,111
10/05/2005,107
10/06/2005,103
10/07/2005,108
10/08/2005,108
10/09/2005,108
10/10/2005,102
10/11/2005,99
10/12/2005,99
10/13/2005,103
10/14/2005,106
10/15/2005,95
10/16/2005,94
10/17/2005,99
10/18/2005,109
10/19/2005,115
10/20/2005,120
10/21/2005,108
10/22/2005,101
10/23/2005,101
10/24/2005,101
10/25/2005,96
10/26/2005,82
10/27/2005,83
10/28/2005,82
10/29/2005,72
10/30/2005,72
10/31/2005,77
11/01/2005,83
11/02/2005,73
11/03/2005,59
11/04/2005,46
11/05/2005,46
11/06/2005,46
11/07/2005,46
11/08/2005,60
11/09/2005,72
11/10/2005,81
11/11/2005,98
11/12/2005,96
11/13/2005,94
11/14/2005,96
11/15/2005,100
11/16/2005,108
11/17/2005,108
11/18/2005,108
11/19/2005,105
11/20/2005,105
11/21/2005,107
11/22/2005,107
11/23/2005,106
11/24/2005,106
11/25/2005,106
11/26/2005,106
11/27/2005,106
11/28/2005,119
11/29/2005,132
11/30/2005,119
12/01/2005,99
12/02/2005,110
12/03/2005,119
12/04/2005,118
12/05/2005,117
12/06/2005,117
12/07/2005,117
12/08/2005,123
12/09/2005,126
12/10/2005,126
12/11/2005,125
12/12/2005,123
12/13/2005,112
12/14/2005,102
12/15/2005,102
12/16/2005,102
12/17/2005,102
12/18/2005,102
12/19/2005,102
12/20/2005,102
12/21/2005,96
12/22/2005,78
12/23/2005,78
12/24/2005,78
12/25/2005,77
12/26/2005,79
12/27/2005,--
12/28/2005,121
12/29/2005,123
12/30/2005,131
12/31/2005,137
01/01/2006,138
01/02/2006,142
01/03/2006,181
01/04/2006,205
01/05/2006,205
01/06/2006,183
01/07/2006,143
01/08/2006,142
01/09/2006,147
01/10/2006,150
01/11/2006,142
01/12/2006,124
01/13/2006,124
01/14/2006,124
01/15/2006,124
01/16/2006,124
01/17/2006,124
01/18/2006,124
01/19/2006,139
01/20/2006,150
01/21/2006,150
01/22/2006,--
01/23/2006,150
01/24/2006,132
01/25/2006,114
01/26/2006,102
01/27/2006,87
01/28/2006,79
01/29/2006,79
01/30/2006,76
01/31/2006,70
02/01/2006,70
02/02/2006,36
02/03/2006,1
02/04/2006,1
02/05/2006,1
02/06/2006,0
02/07/2006,0
02/08/2006,0
02/09/2006,0
02/10/2006,0
02/11/2006,0
02/12/2006,0
02/13/2006,0
02/14/2006,0
02/15/2006,0
02/16/2006,0
02/17/2006,0
02/18/2006,0
02/19/2006,0
02/20/2006,0
02/21/2006,0
02/22/2006,0
02/23/2006,0
02/24/2006,0
02/25/2006,0
02/26/2006,0
02/27/2006,0
02/28/2006,0
03/01/2006,0
03/02/2006,0
03/03/2006,0
03/04/2006,0
03/05/2006,0
03/06/2006,0
03/07/2006,0
03/08/2006,0
03/09/2006,0
03/10/2006,0
03/11/2006,0
03/12/2006,0
03/13/2006,0
03/14/2006,0
03/15/2006,0
03/16/2006,0
03/17/2006,0
03/18/2006,0
03/19/2006,0
03/20/2006,2
03/21/2006,75
03/22/2006,75
03/23/2006,95
03/24/2006,121
03/25/2006,119
03/26/2006,118
03/27/2006,164
03/28/2006,394
03/29/2006,502
03/30/2006,467
03/31/2006,412
04/01/2006,429
04/02/2006,430
04/03/2006,722
04/04/2006,"2,310"
04/05/2006,"4,160"
04/06/2006,"4,061"
04/07/2006,"3,082"
04/08/2006,"2,362"
04/09/2006,"2,216"
04/10/2006,"1,569"
04/11/2006,432
04/12/2006,77
04/13/2006,1
04/14/2006,0
04/15/2006,0
04/16/2006,0
04/17/2006,118
04/18/2006,212
04/19/2006,227
04/20/2006,283
04/21/2006,567
04/22/2006,"1,012"
04/23/2006,"1,327"
04/24/2006,"1,017"
04/25/2006,520
04/26/2006,289
04/27/2006,313
04/28/2006,317
04/29/2006,325
04/30/2006,325
05/01/2006,325
05/02/2006,325
05/03/2006,291
05/04/2006,310
05/05/2006,244
05/06/2006,189
05/07/2006,189
05/08/2006,214
05/09/2006,231
05/10/2006,211
05/11/2006,165
05/12/2006,95
05/13/2006,70
05/14/2006,70
05/15/2006,105
05/16/2006,170
05/17/2006,182
05/18/2006,160
05/19/2006,156
05/20/2006,156
05/21/2006,157
05/22/2006,231
05/23/2006,212
05/24/2006,139
05/25/2006,128
05/26/2006,119
05/27/2006,101
05/28/2006,101
05/29/2006,101
05/30/2006,101
05/31/2006,101
06/01/2006,101
06/02/2006,96
06/03/2006,91
06/04/2006,91
06/05/2006,108
06/06/2006,129
06/07/2006,130
06/08/2006,133
06/09/2006,150
06/10/2006,150
06/11/2006,150
06/12/2006,152
06/13/2006,148
06/14/2006,132
06/15/2006,136
06/16/2006,144
06/17/2006,135
06/18/2006,135
06/19/2006,130
06/20/2006,128
06/21/2006,128
06/22/2006,136
06/23/2006,153
06/24/2006,153
06/25/2006,153
06/26/2006,153
06/27/2006,151
06/28/2006,152
06/29/2006,153
06/30/2006,153
07/01/2006,153
07/02/2006,153
07/03/2006,153
07/04/2006,157
07/05/2006,166
07/06/2006,177
07/07/2006,186
07/08/2006,180
07/09/2006,180
07/10/2006,188
07/11/2006,204
07/12/2006,211
07/13/2006,215
07/14/2006,212
07/15/2006,200
07/16/2006,200
07/17/2006,199
07/18/2006,200
07/19/2006,199
07/20/2006,199
07/21/2006,206
07/22/2006,205
07/23/2006,209
07/24/2006,206
07/25/2006,198
07/26/2006,198
07/27/2006,198
07/28/2006,195
07/29/2006,189
07/30/2006,188
07/31/2006,190
08/01/2006,194
08/02/2006,191
08/03/2006,189
08/04/2006,180
08/05/2006,161
08/06/2006,161
08/07/2006,158
08/08/2006,153
08/09/2006,155
08/10/2006,159
08/11/2006,159
08/12/2006,159
08/13/2006,129
08/14/2006,169
08/15/2006,167
08/16/2006,152
08/17/2006,147
08/18/2006,135
08/19/2006,131
08/20/2006,131
08/21/2006,130
08/22/2006,143
08/23/2006,161
08/24/2006,162
08/25/2006,152
08/26/2006,145
08/27/2006,145
08/28/2006,127
08/29/2006,115
08/30/2006,115
08/31/2006,111
09/01/2006,102
09/02/2006,97
09/03/2006,97
09/04/2006,101
09/05/2006,116
09/06/2006,129
09/07/2006,129
09/08/2006,126
09/09/2006,121
09/10/2006,118
09/11/2006,120
09/12/2006,120
09/13/2006,120
09/14/2006,120
09/15/2006,116
09/16/2006,109
09/17/2006,109
09/18/2006,127
09/19/2006,136
09/20/2006,124
09/21/2006,119
09/22/2006,120
09/23/2006,120
09/24/2006,120
09/25/2006,118
09/26/2006,117
09/27/2006,116
09/28/2006,120
09/29/2006,124
09/30/2006,125
10/01/2006,125
10/02/2006,133
10/03/2006,"8,493"
10/04/2006,136
10/05/2006,116
10/06/2006,100
10/07/2006,102
10/08/2006,102
10/09/2006,102
10/10/2006,102
10/11/2006,96
10/12/2006,82
10/13/2006,83
10/14/2006,83
10/15/2006,83
10/16/2006,92
10/17/2006,103
10/18/2006,114
10/19/2006,114
10/20/2006,114
10/21/2006,114
10/22/2006,114
10/23/2006,114
10/24/2006,114
10/25/2006,114
10/26/2006,113
10/27/2006,113
10/28/2006,113
10/29/2006,113
10/30/2006,113
10/31/2006,117
11/01/2006,125
11/02/2006,125
11/03/2006,125
11/04/2006,125
11/05/2006,125
11/06/2006,"8,481"
11/07/2006,125
11/08/2006,131
11/09/2006,141
11/10/2006,149
11/11/2006,148
11/12/2006,148
11/13/2006,148
11/14/2006,148
11/15/2006,147
11/16/2006,73
11/17/2006,52
11/18/2006,118
11/19/2006,118
11/20/2006,118
11/21/2006,118
11/22/2006,118
11/23/2006,118
11/24/2006,117
11/25/2006,117
11/26/2006,117
11/27/2006,115
11/28/2006,117
11/29/2006,117
11/30/2006,117
12/01/2006,117
12/02/2006,117
12/03/2006,116
12/04/2006,117
12/05/2006,116
12/06/2006,116
12/07/2006,103
12/08/2006,72
12/09/2006,72
12/10/2006,72
12/11/2006,72
12/12/2006,71
12/13/2006,73
12/14/2006,74
12/15/2006,74
12/16/2006,74
12/17/2006,74
12/18/2006,74
12/19/2006,74
12/20/2006,74
12/21/2006,74
12/22/2006,74
12/23/2006,74
12/24/2006,74
12/25/2006,74
12/26/2006,74
12/27/2006,74
12/28/2006,74
12/29/2006,74
12/30/2006,74
12/31/2006,74
01/01/2007,74
01/02/2007,74
01/03/2007,74
01/04/2007,74
01/05/2007,53
01/06/2007,1
01/07/2007,0
01/08/2007,1
01/09/2007,0
01/10/2007,0
01/11/2007,0
01/12/2007,0
01/13/2007,0
01/14/2007,0
01/15/2007,0
01/16/2007,0
01/17/2007,0
01/18/2007,0
01/19/2007,0
01/20/2007,0
01/21/2007,0
01/22/2007,0
01/23/2007,0
01/24/2007,0
01/25/2007,0
01/26/2007,0
01/27/2007,0
01/28/2007,0
01/29/2007,0
01/30/2007,0
01/31/2007,0
02/01/2007,0
02/02/2007,0
02/03/2007,0
02/04/2007,0
02/05/2007,0
02/06/2007,0
02/07/2007,0
02/08/2007,0
02/09/2007,0
02/10/2007,0
02/11/2007,0
02/12/2007,0
02/13/2007,0
02/14/2007,0
02/15/2007,0
02/16/2007,0
02/17/2007,0
02/18/2007,0
02/19/2007,0
02/20/2007,0
02/21/2007,0
02/22/2007,0
02/23/2007,0
02/24/2007,0
02/25/2007,0
02/26/2007,0
02/27/2007,0
02/28/2007,0
03/01/2007,0
03/02/2007,0
03/03/2007,"8,356"
03/04/2007,0
03/05/2007,0
03/06/2007,0
03/07/2007,0
03/08/2007,0
03/09/2007,0
03/10/2007,0
03/11/2007,0
03/12/2007,0
03/13/2007,0
03/14/2007,0
03/15/2007,0
03/16/2007,0
03/17/2007,0
03/18/2007,0
03/19/2007,0
03/20/2007,0
03/21/2007,0
03/22/2007,0
03/23/2007,0
03/24/2007,0
03/25/2007,0
03/26/2007,0
03/27/2007,0
03/28/2007,0
03/29/2007,0
03/30/2007,0
03/31/2007,0
04/01/2007,0
04/02/2007,0
04/03/2007,0
04/04/2007,0
04/05/2007,0
04/06/2007,0
04/07/2007,0
04/08/2007,0
04/09/2007,87
04/10/2007,148
04/11/2007,153
04/12/2007,147
04/13/2007,118
04/14/2007,102
04/15/2007,102
04/16/2007,107
04/17/2007,119
04/18/2007,125
04/19/2007,119
04/20/2007,122
04/21/2007,122
04/22/2007,122
04/23/2007,122
04/24/2007,115
04/25/2007,109
04/26/2007,109
04/27/2007,109
04/28/2007,109
04/29/2007,107
04/30/2007,109
05/01/2007,109
05/02/2007,115
05/03/2007,133
05/04/2007,133
05/05/2007,130
05/06/2007,130
05/07/2007,133
05/08/2007,139
05/09/2007,150
05/10/2007,150
05/11/2007,137
05/12/2007,128
05/13/2007,128
05/14/2007,123
05/15/2007,112
05/16/2007,116
05/17/2007,119
05/18/2007,115
05/19/2007,114
05/20/2007,113
05/21/2007,120
05/22/2007,131
05/23/2007,110
05/24/2007,124
05/25/2007,126
05/26/2007,130
05/27/2007,130
05/28/2007,130
05/29/2007,136
05/30/2007,141
05/31/2007,101
06/01/2007,130
06/02/2007,130
06/03/2007,130
06/04/2007,140
06/05/2007,158
06/06/2007,162
06/07/2007,163
06/08/2007,153
06/09/2007,152
06/10/2007,151
06/11/2007,147
06/12/2007,150
06/13/2007,156
06/14/2007,178
06/15/2007,191
06/16/2007,185
06/17/2007,185
06/18/2007,179
06/19/2007,168
06/20/2007,180
06/21/2007,193
06/22/2007,192
06/23/2007,192
06/24/2007,191
06/25/2007,167
06/26/2007,159
06/27/2007,177
06/28/2007,189
06/29/2007,191
06/30/2007,190
07/01/2007,182
07/02/2007,189
07/03/2007,188
07/04/2007,183
07/05/2007,175
07/06/2007,168
07/07/2007,164
07/08/2007,164
07/09/2007,164
07/10/2007,153
07/11/2007,134
07/12/2007,133
07/13/2007,137
07/14/2007,134
07/15/2007,134
07/16/2007,133
07/17/2007,130
07/18/2007,132
07/19/2007,132
07/20/2007,127
07/21/2007,124
07/22/2007,123
07/23/2007,122
07/24/2007,138
07/25/2007,169
07/26/2007,163
07/27/2007,140
07/28/2007,134
07/29/2007,132
07/30/2007,139
07/31/2007,149
08/01/2007,145
08/02/2007,135
08/03/2007,127
08/04/2007,120
08/05/2007,120
08/06/2007,127
08/07/2007,145
08/08/2007,144
08/09/2007,140
08/10/2007,143
08/11/2007,143
08/12/2007,143
08/13/2007,141
08/14/2007,141
08/15/2007,143
08/16/2007,142
08/17/2007,140
08/18/2007,139
08/19/2007,137
08/20/2007,136
08/21/2007,133
08/22/2007,128
08/23/2007,127
08/24/2007,126
08/25/2007,123
08/26/2007,125
08/27/2007,51
08/28/2007,0
08/29/2007,0
08/30/2007,0
08/31/2007,0
09/01/2007,0
09/02/2007,0
09/03/2007,0
09/04/2007,0
09/05/2007,0
09/06/2007,0
09/07/2007,0
09/08/2007,0
09/09/2007,0
09/10/2007,0
09/11/2007,0
09/12/2007,0
09/13/2007,0
09/14/2007,0
09/15/2007,0
09/16/2007,0
09/17/2007,0
09/18/2007,0
09/19/2007,0
09/20/2007,0
09/21/2007,0
09/22/2007,0
09/23/2007,0
09/24/2007,0
09/25/2007,0
09/26/2007,0
09/27/2007,0
09/28/2007,0
09/29/2007,0
09/30/2007,0
10/01/2007,0
10/02/2007,0
10/03/2007,0
10/04/2007,0
10/05/2007,0
10/06/2007,0
10/07/2007,0
10/08/2007,0
10/09/2007,0
10/10/2007,0
10/11/2007,0
10/12/2007,0
10/13/2007,0
10/14/2007,0
10/15/2007,0
10/16/2007,0
10/17/2007,0
10/18/2007,0
10/19/2007,0
10/20/2007,0
10/21/2007,0
10/22/2007,0
10/23/2007,0
10/24/2007,0
10/25/2007,0
10/26/2007,0
10/27/2007,0
10/28/2007,0
10/29/2007,0
10/30/2007,0
10/31/2007,0
11/01/2007,0
11/02/2007,0
11/03/2007,0
11/04/2007,0
11/05/2007,0
11/06/2007,0
11/07/2007,0
11/08/2007,0
11/09/2007,0
11/10/2007,0
11/11/2007,0
11/12/2007,0
11/13/2007,0
11/14/2007,0
11/15/2007,0
11/16/2007,0
11/17/2007,0
11/18/2007,0
11/19/2007,0
11/20/2007,0
11/21/2007,0
11/22/2007,0
11/23/2007,0
11/24/2007,0
11/25/2007,0
11/26/2007,0
11/27/2007,0
11/28/2007,0
11/29/2007,0
11/30/2007,0
12/01/2007,0
12/02/2007,0
12/03/2007,0
12/04/2007,0
12/05/2007,0
12/06/2007,0
12/07/2007,0
12/08/2007,0
12/09/2007,0
12/10/2007,0
12/11/2007,0
12/12/2007,0
12/13/2007,0
12/14/2007,0
12/15/2007,0
12/16/2007,0
12/17/2007,0
12/18/2007,0
12/19/2007,0
12/20/2007,0
12/21/2007,0
12/22/2007,0
12/23/2007,0
12/24/2007,0
12/25/2007,0
12/26/2007,0
12/27/2007,0
12/28/2007,0
12/29/2007,0
12/30/2007,0
12/31/2007,0
01/01/2008,0
01/02/2008,0
01/03/2008,0
01/04/2008,0
01/05/2008,0
01/06/2008,0
01/07/2008,0
01/08/2008,0
01/09/2008,0
01/10/2008,0
01/11/2008,0
01/12/2008,0
01/13/2008,0
01/14/2008,0
01/15/2008,0
01/16/2008,0
01/17/2008,0
01/18/2008,0
01/19/2008,0
01/20/2008,0
01/21/2008,0
01/22/2008,0
01/23/2008,0
01/24/2008,0
01/25/2008,0
01/26/2008,0
01/27/2008,0
01/28/2008,0
01/29/2008,0
01/30/2008,0
01/31/2008,0
02/01/2008,0
02/02/2008,0
02/03/2008,0
02/04/2008,0
02/05/2008,0
02/06/2008,0
02/07/2008,0
02/08/2008,0
02/09/2008,0
02/10/2008,0
02/11/2008,0
02/12/2008,0
02/13/2008,0
02/14/2008,0
02/15/2008,0
02/16/2008,0
02/17/2008,0
02/18/2008,0
02/19/2008,0
02/20/2008,0
02/21/2008,0
02/22/2008,0
02/23/2008,0
02/24/2008,0
02/25/2008,0
02/26/2008,0
02/27/2008,0
02/28/2008,0
02/29/2008,0
03/01/2008,0
03/02/2008,0
03/03/2008,0
03/04/2008,0
03/05/2008,"8,680"
03/06/2008,0
03/07/2008,0
03/08/2008,0
03/09/2008,0
03/10/2008,0
03/11/2008,0
03/12/2008,0
03/13/2008,0
03/14/2008,0
03/15/2008,0
03/16/2008,0
03/17/2008,0
03/18/2008,0
03/19/2008,0
03/20/2008,0
03/21/2008,0
03/22/2008,0
03/23/2008,0
03/24/2008,0
03/25/2008,0
03/26/2008,0
03/27/2008,0
03/28/2008,0
03/29/2008,0
03/30/2008,0
03/31/2008,0
04/01/2008,0
04/02/2008,0
04/03/2008,0
04/04/2008,0
04/05/2008,0
04/06/2008,0
04/07/2008,0
04/08/2008,0
04/09/2008,0
04/10/2008,0
04/11/2008,120
04/12/2008,174
04/13/2008,173
04/14/2008,143
04/15/2008,108
04/16/2008,81
04/17/2008,87
04/18/2008,91
04/19/2008,90
04/20/2008,90
04/21/2008,90
04/22/2008,90
04/23/2008,88
04/24/2008,90
04/25/2008,90
04/26/2008,90
04/27/2008,90
04/28/2008,90
04/29/2008,87
04/30/2008,81
05/01/2008,80
05/02/2008,79
05/03/2008,79
05/04/2008,79
05/05/2008,97
05/06/2008,144
05/07/2008,168
05/08/2008,180
05/09/2008,164
05/10/2008,138
05/11/2008,139
05/12/2008,139
05/13/2008,143
05/14/2008,147
05/15/2008,139
05/16/2008,143
05/17/2008,150
05/18/2008,150
05/19/2008,146
05/20/2008,148
05/21/2008,164
05/22/2008,159
05/23/2008,137
05/24/2008,109
05/25/2008,--
05/26/2008,100
05/27/2008,88
05/28/2008,94
05/29/2008,99
05/30/2008,106
05/31/2008,118
06/01/2008,118
06/02/2008,135
06/03/2008,170
06/04/2008,171
06/05/2008,163
06/06/2008,155
06/07/2008,140
06/08/2008,140
06/09/2008,139
06/10/2008,158
06/11/2008,165
06/12/2008,158
06/13/2008,155
06/14/2008,150
06/15/2008,150
06/16/2008,149
06/17/2008,149
06/18/2008,148
06/19/2008,148
06/20/2008,148
06/21/2008,148
06/22/2008,147
06/23/2008,159
06/24/2008,178
06/25/2008,178
06/26/2008,177
06/27/2008,165
06/28/2008,158
06/29/2008,157
06/30/2008,158
07/01/2008,158
07/02/2008,164
07/03/2008,153
07/04/2008,130
07/05/2008,129
07/06/2008,131
07/07/2008,--
07/08/2008,179
07/09/2008,186
07/10/2008,190
07/11/2008,190
07/12/2008,176
07/13/2008,174
07/14/2008,167
07/15/2008,162
07/16/2008,162
07/17/2008,164
07/18/2008,159
07/19/2008,143
07/20/2008,142
07/21/2008,140
07/22/2008,139
07/23/2008,138
07/24/2008,139
07/25/2008,133
07/26/2008,121
07/27/2008,121
07/28/2008,120
07/29/2008,120
07/30/2008,120
07/31/2008,119
08/01/2008,119
08/02/2008,119
08/03/2008,118
08/04/2008,117
08/05/2008,110
08/06/2008,97
08/07/2008,--
08/08/2008,--
08/09/2008,--
08/10/2008,98
08/11/2008,100
08/12/2008,99
08/13/2008,99
08/14/2008,98
08/15/2008,96
08/16/2008,95
08/17/2008,94
08/18/2008,94
08/19/2008,93
08/20/2008,93
08/21/2008,98
08/22/2008,116
08/23/2008,126
08/24/2008,125
08/25/2008,50
08/26/2008,0
08/27/2008,0
08/28/2008,0
08/29/2008,0
08/30/2008,0
08/31/2008,0
09/01/2008,0
09/02/2008,0
09/03/2008,0
09/04/2008,0
09/05/2008,0
09/06/2008,0
09/07/2008,0
09/08/2008,0
09/09/2008,0
09/10/2008,0
09/11/2008,0
09/12/2008,0
09/13/2008,0
09/14/2008,0
09/15/2008,0
09/16/2008,0
09/17/2008,0
09/18/2008,0
09/19/2008,0
09/20/2008,0
09/21/2008,0
09/22/2008,0
09/23/2008,0
09/24/2008,0
09/25/2008,0
09/26/2008,0
09/27/2008,0
09/28/2008,0
09/29/2008,0
09/30/2008,0
10/01/2008,0
10/02/2008,0
10/03/2008,0
10/04/2008,0
10/05/2008,0
10/06/2008,0
10/07/2008,0
10/08/2008,0
10/09/2008,0
10/10/2008,0
10/11/2008,0
10/12/2008,0
10/13/2008,0
10/14/2008,0
10/15/2008,0
10/16/2008,0
10/17/2008,0
10/18/2008,0
10/19/2008,0
10/20/2008,0
10/21/2008,0
10/22/2008,0
10/23/2008,0
10/24/2008,0
10/25/2008,0
10/26/2008,0
10/27/2008,0
10/28/2008,0
10/29/2008,0
10/30/2008,0
10/31/2008,0
11/01/2008,0
11/02/2008,0
11/03/2008,0
11/04/2008,0
11/05/2008,0
11/06/2008,0
11/07/2008,0
11/08/2008,0
11/09/2008,0
11/10/2008,0
11/11/2008,0
11/12/2008,0
11/13/2008,0
11/14/2008,0
11/15/2008,0
11/16/2008,0
11/17/2008,0
11/18/2008,0
11/19/2008,0
11/20/2008,--
11/21/2008,0
11/22/2008,0
11/23/2008,0
11/24/2008,0
11/25/2008,0
11/26/2008,0
11/27/2008,0
11/28/2008,0
11/29/2008,0
11/30/2008,0
12/01/2008,0
12/02/2008,0
12/03/2008,0
12/04/2008,0
12/05/2008,0
12/06/2008,0
12/07/2008,0
12/08/2008,0
12/09/2008,0
12/10/2008,0
12/11/2008,0
12/12/2008,0
12/13/2008,0
12/14/2008,0
12/15/2008,0
12/16/2008,0
12/17/2008,0
12/18/2008,0
12/19/2008,0
12/20/2008,0
12/21/2008,0
12/22/2008,0
12/23/2008,0
12/24/2008,0
12/25/2008,0
12/26/2008,0
12/27/2008,0
12/28/2008,0
12/29/2008,0
12/30/2008,0
12/31/2008,0
01/01/2009,0
01/02/2009,0
01/03/2009,0
01/04/2009,0
01/05/2009,0
01/06/2009,0
01/07/2009,0
01/08/2009,0
01/09/2009,0
01/10/2009,0
01/11/2009,0
01/12/2009,0
01/13/2009,0
01/14/2009,0
01/15/2009,0
01/16/2009,0
01/17/2009,0
01/18/2009,0
01/19/2009,0
01/20/2009,0
01/21/2009,0
01/22/2009,0
01/23/2009,0
01/24/2009,0
01/25/2009,0
01/26/2009,0
01/27/2009,0
01/28/2009,0
01/29/2009,0
01/30/2009,0
01/31/2009,0
02/01/2009,0
02/02/2009,0
02/03/2009,0
02/04/2009,0
02/05/2009,0
02/06/2009,0
02/07/2009,0
02/08/2009,0
02/09/2009,0
02/10/2009,0
02/11/2009,0
02/12/2009,--
02/13/2009,0
02/14/2009,0
02/15/2009,0
02/16/2009,0
02/17/2009,0
02/18/2009,0
02/19/2009,0
02/20/2009,0
02/21/2009,0
02/22/2009,0
02/23/2009,0
02/24/2009,0
02/25/2009,0
02/26/2009,0
02/27/2009,0
02/28/2009,0
03/01/2009,0
03/02/2009,0
03/03/2009,0
03/04/2009,0
03/05/2009,0
03/06/2009,0
03/07/2009,0
03/08/2009,0
03/09/2009,0
03/10/2009,0
03/11/2009,0
03/12/2009,0
03/13/2009,0
03/14/2009,0
03/15/2009,0
03/16/2009,0
03/17/2009,0
03/18/2009,0
03/19/2009,0
03/20/2009,0
03/21/2009,0
03/22/2009,0
03/23/2009,0
03/24/2009,0
03/25/2009,0
03/26/2009,0
03/27/2009,0
03/28/2009,0
03/29/2009,0
03/30/2009,0
03/31/2009,0
04/01/2009,0
04/02/2009,0
04/03/2009,0
04/04/2009,0
04/05/2009,0
04/06/2009,0
04/07/2009,0
04/08/2009,0
04/09/2009,0
04/10/2009,0
04/11/2009,0
04/12/2009,0
04/13/2009,0
04/14/2009,0
04/15/2009,0
04/16/2009,0
04/17/2009,0
04/18/2009,0
04/19/2009,0
04/20/2009,0
04/21/2009,0
04/22/2009,0
04/23/2009,0
04/24/2009,0
04/25/2009,0
04/26/2009,0
04/27/2009,0
04/28/2009,0
04/29/2009,0
04/30/2009,0
05/01/2009,0
05/02/2009,0
05/03/2009,0
05/04/2009,0
05/05/2009,0
05/06/2009,0
05/07/2009,0
05/08/2009,0
05/09/2009,0
05/10/2009,0
05/11/2009,0
05/12/2009,0
05/13/2009,0
05/14/2009,0
05/15/2009,0
05/16/2009,0
05/17/2009,0
05/18/2009,0
05/19/2009,0
05/20/2009,0
05/21/2009,0
05/22/2009,0
05/23/2009,0
05/24/2009,0
05/25/2009,0
05/26/2009,0
05/27/2009,0
05/28/2009,0
05/29/2009,0
05/30/2009,0
05/31/2009,0
06/01/2009,0
06/02/2009,0
06/03/2009,0
06/04/2009,0
06/05/2009,0
06/06/2009,0
06/07/2009,0
06/08/2009,0
06/09/2009,7
06/10/2009,9
06/11/2009,9
06/12/2009,72
06/13/2009,100
06/14/2009,100
06/15/2009,101
06/16/2009,102
06/17/2009,101
06/18/2009,101
06/19/2009,101
06/20/2009,101
06/21/2009,101
06/22/2009,115
06/23/2009,136
06/24/2009,133
06/25/2009,132
06/26/2009,121
06/27/2009,102
06/28/2009,101
06/29/2009,100
06/30/2009,99
07/01/2009,98
07/02/2009,98
07/03/2009,98
07/04/2009,97
07/05/2009,97
07/06/2009,108
07/07/2009,128
07/08/2009,128
07/09/2009,128
07/10/2009,119
07/11/2009,102
07/12/2009,107
07/13/2009,114
07/14/2009,122
07/15/2009,130
07/16/2009,138
07/17/2009,145
07/18/2009,145
07/19/2009,144
07/20/2009,144
07/21/2009,144
07/22/2009,144
07/23/2009,144
07/24/2009,143
07/25/2009,143
07/26/2009,142
07/27/2009,124
07/28/2009,115
07/29/2009,119
07/30/2009,127
07/31/2009,128
08/01/2009,122
08/02/2009,121
08/03/2009,121
08/04/2009,120
08/05/2009,79
08/06/2009,1
08/07/2009,0
08/08/2009,0
08/09/2009,0
08/10/2009,0
08/11/2009,0
08/12/2009,0
08/13/2009,0
08/14/2009,0
08/15/2009,0
08/16/2009,0
08/17/2009,0
08/18/2009,0
08/19/2009,0
08/20/2009,0
08/21/2009,0
08/22/2009,0
08/23/2009,0
08/24/2009,0
08/25/2009,0
08/26/2009,0
08/27/2009,0
08/28/2009,0
08/29/2009,0
08/30/2009,0
08/31/2009,0
09/01/2009,0
09/02/2009,0
09/03/2009,0
09/04/2009,0
09/05/2009,0
09/06/2009,0
09/07/2009,0
09/08/2009,0
09/09/2009,0
09/10/2009,0
09/11/2009,0
09/12/2009,0
09/13/2009,0
09/14/2009,0
09/15/2009,0
09/16/2009,0
09/17/2009,0
09/18/2009,0
09/19/2009,0
09/20/2009,0
09/21/2009,0
09/22/2009,0
09/23/2009,0
09/24/2009,0
09/25/2009,0
09/26/2009,0
09/27/2009,0
09/28/2009,0
09/29/2009,0
09/30/2009,0
10/01/2009,0
10/02/2009,0
10/03/2009,0
10/04/2009,0
10/05/2009,0
10/06/2009,0
10/07/2009,0
10/08/2009,0
10/09/2009,0
10/10/2009,0
10/11/2009,0
10/12/2009,0
10/13/2009,0
10/14/2009,0
10/15/2009,0
10/16/2009,0
10/17/2009,0
10/18/2009,0
10/19/2009,0
10/20/2009,0
10/21/2009,0
10/22/2009,0
10/23/2009,0
10/24/2009,0
10/25/2009,1
10/26/2009,2
10/27/2009,4
10/28/2009,8
10/29/2009,17
10/30/2009,20
10/31/2009,21
11/01/2009,11
11/02/2009,18
11/03/2009,19
11/04/2009,16
11/05/2009,11
11/06/2009,0
11/07/2009,0
11/08/2009,0
11/09/2009,19
11/10/2009,84
11/11/2009,92
11/12/2009,92
11/13/2009,35
11/14/2009,2
11/15/2009,3
11/16/2009,4
11/17/2009,4
11/18/2009,5
11/19/2009,5
11/20/2009,4
11/21/2009,2
11/22/2009,3
11/23/2009,3
11/24/2009,4
11/25/2009,4
11/26/2009,4
11/27/2009,5
11/28/2009,5
11/29/2009,5
11/30/2009,5
12/01/2009,5
12/02/2009,4
12/03/2009,3
12/04/2009,4
12/05/2009,3
12/06/2009,1
12/07/2009,1
12/08/2009,2
12/09/2009,2
12/10/2009,2
12/11/2009,2
12/12/2009,3
12/13/2009,3
12/14/2009,3
12/15/2009,3
12/16/2009,3
12/17/2009,3
12/18/2009,3
12/19/2009,4
12/20/2009,4
12/21/2009,4
12/22/2009,5
12/23/2009,5
12/24/2009,4
12/25/2009,4
12/26/2009,5
12/27/2009,5
12/28/2009,5
12/29/2009,5
12/30/2009,5
12/31/2009,5
01/01/2010,5
01/02/2010,5
01/03/2010,5
01/04/2010,5
01/05/2010,5
01/06/2010,5
01/07/2010,6
01/08/2010,6
01/09/2010,6
01/10/2010,6
01/11/2010,6
01/12/2010,6
01/13/2010,7
01/14/2010,7
01/15/2010,5
01/16/2010,2
01/17/2010,2
01/18/2010,3
01/19/2010,3
01/20/2010,3
01/21/2010,4
01/22/2010,4
01/23/2010,4
01/24/2010,4
01/25/2010,4
01/26/2010,4
01/27/2010,4
01/28/2010,3
01/29/2010,0
01/30/2010,0
01/31/2010,0
02/01/2010,0
02/02/2010,0
02/03/2010,0
02/04/2010,0
02/05/2010,0
02/06/2010,0
02/07/2010,0
02/08/2010,0
02/09/2010,0
02/10/2010,0
02/11/2010,0
02/12/2010,0
02/13/2010,0
02/14/2010,0
02/15/2010,0
02/16/2010,0
02/17/2010,0
02/18/2010,0
02/19/2010,0
02/20/2010,0
02/21/2010,0
02/22/2010,0
02/23/2010,0
02/24/2010,0
02/25/2010,0
02/26/2010,0
02/27/2010,0
02/28/2010,0
03/01/2010,0
03/02/2010,0
03/03/2010,0
03/04/2010,0
03/05/2010,0
03/06/2010,0
03/07/2010,0
03/08/2010,0
03/09/2010,0
03/10/2010,0
03/11/2010,0
03/12/2010,0
03/13/2010,0
03/14/2010,0
03/15/2010,0
03/16/2010,0
03/17/2010,0
03/18/2010,0
03/19/2010,0
03/20/2010,0
03/21/2010,0
03/22/2010,0
03/23/2010,0
03/24/2010,0
03/25/2010,0
03/26/2010,0
03/27/2010,0
03/28/2010,0
03/29/2010,0
03/30/2010,0
03/31/2010,0
04/01/2010,0
04/02/2010,0
04/03/2010,0
04/04/2010,0
04/05/2010,0
04/06/2010,0
04/07/2010,0
04/08/2010,0
04/09/2010,0
04/10/2010,0
04/11/2010,0
04/12/2010,0
04/13/2010,0
04/14/2010,0
04/15/2010,0
04/16/2010,0
04/17/2010,0
04/18/2010,0
04/19/2010,63
04/20/2010,160
04/21/2010,154
04/22/2010,154
04/23/2010,156
04/24/2010,161
04/25/2010,161
04/26/2010,168
04/27/2010,181
04/28/2010,184
04/29/2010,187
04/30/2010,187
05/01/2010,187
05/02/2010,186
05/03/2010,186
05/04/2010,192
05/05/2010,203
05/06/2010,205
05/07/2010,228
05/08/2010,237
05/09/2010,237
05/10/2010,251
05/11/2010,286
05/12/2010,280
05/13/2010,273
05/14/2010,272
05/15/2010,266
05/16/2010,265
05/17/2010,265
05/18/2010,198
05/19/2010,77
05/20/2010,77
05/21/2010,77
05/22/2010,77
05/23/2010,77
05/24/2010,77
05/25/2010,77
05/26/2010,77
05/27/2010,27
05/28/2010,0
05/29/2010,0
05/30/2010,0
05/31/2010,0
06/01/2010,0
06/02/2010,0
06/03/2010,0
06/04/2010,56
06/05/2010,93
06/06/2010,93
06/07/2010,92
06/08/2010,124
06/09/2010,150
06/10/2010,159
06/11/2010,149
06/12/2010,143
06/13/2010,143
06/14/2010,61
06/15/2010,2
06/16/2010,2
06/17/2010,3
06/18/2010,33
06/19/2010,92
06/20/2010,88
06/21/2010,191
06/22/2010,246
06/23/2010,237
06/24/2010,223
06/25/2010,206
06/26/2010,206
06/27/2010,206
06/28/2010,220
06/29/2010,228
06/30/2010,228
07/01/2010,216
07/02/2010,196
07/03/2010,197
07/04/2010,196
07/05/2010,195
07/06/2010,205
07/07/2010,231
07/08/2010,247
07/09/2010,237
07/10/2010,230
07/11/2010,228
07/12/2010,237
07/13/2010,260
07/14/2010,263
07/15/2010,281
07/16/2010,291
07/17/2010,289
07/18/2010,288
07/19/2010,286
07/20/2010,286
07/21/2010,286
07/22/2010,295
07/23/2010,294
07/24/2010,289
07/25/2010,289
07/26/2010,292
07/27/2010,304
07/28/2010,313
07/29/2010,312
07/30/2010,307
07/31/2010,298
08/01/2010,299
08/02/2010,248
08/03/2010,220
08/04/2010,216
08/05/2010,202
08/06/2010,189
08/07/2010,185
08/08/2010,185
08/09/2010,184
08/10/2010,182
08/11/2010,178
08/12/2010,174
08/13/2010,167
08/14/2010,155
08/15/2010,154
08/16/2010,153
08/17/2010,156
08/18/2010,157
08/19/2010,143
08/20/2010,134
08/21/2010,132
08/22/2010,130
08/23/2010,130
08/24/2010,126
08/25/2010,118
08/26/2010,118
08/27/2010,113
08/28/2010,105
08/29/2010,106
08/30/2010,101
08/31/2010,96
09/01/2010,112
09/02/2010,118
09/03/2010,100
09/04/2010,98
09/05/2010,98
09/06/2010,98
09/07/2010,64
09/08/2010,0
09/09/2010,68
09/10/2010,98
09/11/2010,82
09/12/2010,81
09/13/2010,81
09/14/2010,81
09/15/2010,54
09/16/2010,0
09/17/2010,0
09/18/2010,0
09/19/2010,0
09/20/2010,0
09/21/2010,0
09/22/2010,0
09/23/2010,0
09/24/2010,0
09/25/2010,0
09/26/2010,0
09/27/2010,0
09/28/2010,0
09/29/2010,0
09/30/2010,0
10/01/2010,0
10/02/2010,0
10/03/2010,0
10/04/2010,0
10/05/2010,0
10/06/2010,0
10/07/2010,0
10/08/2010,0
10/09/2010,0
10/10/2010,0
10/11/2010,0
10/12/2010,0
10/13/2010,0
10/14/2010,0
10/15/2010,0
10/16/2010,0
10/17/2010,0
10/18/2010,0
10/19/2010,0
10/20/2010,0
10/21/2010,0
10/22/2010,0
10/23/2010,0
10/24/2010,0
10/25/2010,0
10/26/2010,0
10/27/2010,0
10/28/2010,0
10/29/2010,0
10/30/2010,0
10/31/2010,0
11/01/2010,0
11/02/2010,0
11/03/2010,0
11/04/2010,0
11/05/2010,0
11/06/2010,0
11/07/2010,0
11/08/2010,0
11/09/2010,0
11/10/2010,0
11/11/2010,0
11/12/2010,0
11/13/2010,0
11/14/2010,0
11/15/2010,0
11/16/2010,0
11/17/2010,0
11/18/2010,0
11/19/2010,0
11/20/2010,0
11/21/2010,0
11/22/2010,0
11/23/2010,0
11/24/2010,0
11/25/2010,0
11/26/2010,0
11/27/2010,0
11/28/2010,0
11/29/2010,0
11/30/2010,0
12/01/2010,0
12/02/2010,0
12/03/2010,0
12/04/2010,0
12/05/2010,0
12/06/2010,0
12/07/2010,0
12/08/2010,0
12/09/2010,70
12/10/2010,100
12/11/2010,100
12/12/2010,99
12/13/2010,99
12/14/2010,99
12/15/2010,99
12/16/2010,99
12/17/2010,100
12/18/2010,100
12/19/2010,103
12/20/2010,338
12/21/2010,509
12/22/2010,503
12/23/2010,498
12/24/2010,497
12/25/2010,495
12/26/2010,495
12/27/2010,496
12/28/2010,498
12/29/2010,503
12/30/2010,507
12/31/2010,507
01/01/2011,505
01/02/2011,511
01/03/2011,644
01/04/2011,796
01/05/2011,817
01/06/2011,816
01/07/2011,805
01/08/2011,797
01/09/2011,798
01/10/2011,797
01/11/2011,794
01/12/2011,795
01/13/2011,789
01/14/2011,793
01/15/2011,798
01/16/2011,793
01/17/2011,787
01/18/2011,598
01/19/2011,432
01/20/2011,404
01/21/2011,335
01/22/2011,298
01/23/2011,298
01/24/2011,212
01/25/2011,98
01/26/2011,98
01/27/2011,98
01/28/2011,98
01/29/2011,98
01/30/2011,98
01/31/2011,100
02/01/2011,101
02/02/2011,101
02/03/2011,112
02/04/2011,133
02/05/2011,134
02/06/2011,134
02/07/2011,121
02/08/2011,100
02/09/2011,100
02/10/2011,100
02/11/2011,100
02/12/2011,100
02/13/2011,100
02/14/2011,100
02/15/2011,100
02/16/2011,101
02/17/2011,101
02/18/2011,101
02/19/2011,102
02/20/2011,103
02/21/2011,103
02/22/2011,104
02/23/2011,104
02/24/2011,104
02/25/2011,105
02/26/2011,105
02/27/2011,106
02/28/2011,106
03/01/2011,242
03/02/2011,355
03/03/2011,357
03/04/2011,351
03/05/2011,351
03/06/2011,350
03/07/2011,352
03/08/2011,352
03/09/2011,352
03/10/2011,352
03/11/2011,352
03/12/2011,352
03/13/2011,352
03/14/2011,351
03/15/2011,351
03/16/2011,352
03/17/2011,351
03/18/2011,351
03/19/2011,348
03/20/2011,351
03/21/2011,"1,180"
03/22/2011,"1,740"
03/23/2011,"1,745"
03/24/2011,"1,752"
03/25/2011,"1,772"
03/26/2011,"1,785"
03/27/2011,"1,783"
03/28/2011,"2,062"
03/29/2011,"2,130"
03/30/2011,"1,874"
03/31/2011,"1,756"
04/01/2011,"1,663"
04/02/2011,"1,513"
04/03/2011,"1,508"
04/04/2011,"1,226"
04/05/2011,"1,017"
04/06/2011,"1,014"
04/07/2011,"1,011"
04/08/2011,694
04/09/2011,495
04/10/2011,499
04/11/2011,502
04/12/2011,389
04/13/2011,248
04/14/2011,248
04/15/2011,94
04/16/2011,3
04/17/2011,4
04/18/2011,4
04/19/2011,0
04/20/2011,0
04/21/2011,94
04/22/2011,175
04/23/2011,175
04/24/2011,175
04/25/2011,175
04/26/2011,175
04/27/2011,176
04/28/2011,176
04/29/2011,176
04/30/2011,176
05/01/2011,175
05/02/2011,205
05/03/2011,229
05/04/2011,216
05/05/2011,221
05/06/2011,228
05/07/2011,227
05/08/2011,227
05/09/2011,227
05/10/2011,227
05/11/2011,227
05/12/2011,226
05/13/2011,226
05/14/2011,227
05/15/2011,227
05/16/2011,227
05/17/2011,226
05/18/2011,207
05/19/2011,176
05/20/2011,178
05/21/2011,178
05/22/2011,178
05/23/2011,178
05/24/2011,179
05/25/2011,179
05/26/2011,188
05/27/2011,208
05/28/2011,207
05/29/2011,207
05/30/2011,207
05/31/2011,205
06/01/2011,201
06/02/2011,200
06/03/2011,200
06/04/2011,201
06/05/2011,201
06/06/2011,201
06/07/2011,200
06/08/2011,200
06/09/2011,200
06/10/2011,200
06/11/2011,200
06/12/2011,200
06/13/2011,200
06/14/2011,200
06/15/2011,200
06/16/2011,200
06/17/2011,234
06/18/2011,263
06/19/2011,257
06/20/2011,259
06/21/2011,280
06/22/2011,289
06/23/2011,290
06/24/2011,289
06/25/2011,288
06/26/2011,288
06/27/2011,288
06/28/2011,288
06/29/2011,287
06/30/2011,286
07/01/2011,286
07/02/2011,285
07/03/2011,285
07/04/2011,285
07/05/2011,284
07/06/2011,283
07/07/2011,283
07/08/2011,282
07/09/2011,282
07/10/2011,282
07/11/2011,281
07/12/2011,--
07/13/2011,285
07/14/2011,284
07/15/2011,284
07/16/2011,284
07/17/2011,283
07/18/2011,283
07/19/2011,282
07/20/2011,282
07/21/2011,286
07/22/2011,288
07/23/2011,287
07/24/2011,287
07/25/2011,286
07/26/2011,285
07/27/2011,284
07/28/2011,282
07/29/2011,285
07/30/2011,286
07/31/2011,286
08/01/2011,285
08/02/2011,267
08/03/2011,226
08/04/2011,208
08/05/2011,205
08/06/2011,199
08/07/2011,203
08/08/2011,188
08/09/2011,159
08/10/2011,169
08/11/2011,183
08/12/2011,181
08/13/2011,175
08/14/2011,177
08/15/2011,177
08/16/2011,177
08/17/2011,176
08/18/2011,173
08/19/2011,163
08/20/2011,156
08/21/2011,157
08/22/2011,158
08/23/2011,158
08/24/2011,158
08/25/2011,158
08/26/2011,146
08/27/2011,123
08/28/2011,123
08/29/2011,123
08/30/2011,122
08/31/2011,118
09/01/2011,108
09/02/2011,99
09/03/2011,93
09/04/2011,93
09/05/2011,93
09/06/2011,93
09/07/2011,89
09/08/2011,84
09/09/2011,82
09/10/2011,82
09/11/2011,82
09/12/2011,82
09/13/2011,82
09/14/2011,82
09/15/2011,82
09/16/2011,82
09/17/2011,82
09/18/2011,82
09/19/2011,90
09/20/2011,96
09/21/2011,96
09/22/2011,96
09/23/2011,100
09/24/2011,102
09/25/2011,101
09/26/2011,101
09/27/2011,101
09/28/2011,99
09/29/2011,94
09/30/2011,89
10/01/2011,82
10/02/2011,82
10/03/2011,83
10/04/2011,83
10/05/2011,82
10/06/2011,82
10/07/2011,82
10/08/2011,82
10/09/2011,80
10/10/2011,84
10/11/2011,91
10/12/2011,95
10/13/2011,100
10/14/2011,100
10/15/2011,100
10/16/2011,43
10/17/2011,0
10/18/2011,26
10/19/2011,106
10/20/2011,125
10/21/2011,125
10/22/2011,125
10/23/2011,125
10/24/2011,123
10/25/2011,124
10/26/2011,41
10/27/2011,0
10/28/2011,0
10/29/2011,0
10/30/2011,0
10/31/2011,0
11/01/2011,0
11/02/2011,0
11/03/2011,0
11/04/2011,0
11/05/2011,0
11/06/2011,0
11/07/2011,0
11/08/2011,0
11/09/2011,0
11/10/2011,0
11/11/2011,0
11/12/2011,0
11/13/2011,0
11/14/2011,0
11/15/2011,0
11/16/2011,0
11/17/2011,0
11/18/2011,0
11/19/2011,0
11/20/2011,0
11/21/2011,0
11/22/2011,0
11/23/2011,0
11/24/2011,0
11/25/2011,0
11/26/2011,0
11/27/2011,0
11/28/2011,0
11/29/2011,0
11/30/2011,0
12/01/2011,0
12/02/2011,0
12/03/2011,0
12/04/2011,0
12/05/2011,0
12/06/2011,0
12/07/2011,0
12/08/2011,0
12/09/2011,0
12/10/2011,0
12/11/2011,0
12/12/2011,0
12/13/2011,0
12/14/2011,0
12/15/2011,0
12/16/2011,0
12/17/2011,0
12/18/2011,0
12/19/2011,0
12/20/2011,0
12/21/2011,0
12/22/2011,0
12/23/2011,0
12/24/2011,0
12/25/2011,0
12/26/2011,0
12/27/2011,0
12/28/2011,0
12/29/2011,0
12/30/2011,0
12/31/2011,0
01/01/2012,0
01/02/2012,0
01/03/2012,0
01/04/2012,0
01/05/2012,0
01/06/2012,0
01/07/2012,0
01/08/2012,0
01/09/2012,0
01/10/2012,0
01/11/2012,0
01/12/2012,0
01/13/2012,0
01/14/2012,0
01/15/2012,0
01/16/2012,0
01/17/2012,0
01/18/2012,0
01/19/2012,0
01/20/2012,0
01/21/2012,0
01/22/2012,0
01/23/2012,0
01/24/2012,0
01/25/2012,0
01/26/2012,0
01/27/2012,0
01/28/2012,0
01/29/2012,0
01/30/2012,0
01/31/2012,0
02/01/2012,0
02/02/2012,0
02/03/2012,0
02/04/2012,0
02/05/2012,0
02/06/2012,0
02/07/2012,0
02/08/2012,0
02/09/2012,0
02/10/2012,0
02/11/2012,0
02/12/2012,0
02/13/2012,0
02/14/2012,0
02/15/2012,0
02/16/2012,0
02/17/2012,0
02/18/2012,0
02/19/2012,0
02/20/2012,0
02/21/2012,0
02/22/2012,0
02/23/2012,0
02/24/2012,0
02/25/2012,0
02/26/2012,0
02/27/2012,0
02/28/2012,0
02/29/2012,0
03/01/2012,0
03/02/2012,0
03/03/2012,0
03/04/2012,0
03/05/2012,0
03/06/2012,0
03/07/2012,0
03/08/2012,0
03/09/2012,0
03/10/2012,0
03/11/2012,0
03/12/2012,0
03/13/2012,0
03/14/2012,0
03/15/2012,0
03/16/2012,0
03/17/2012,0
03/18/2012,0
03/19/2012,0
03/20/2012,0
03/21/2012,0
03/22/2012,0
03/23/2012,0
03/24/2012,0
03/25/2012,0
03/26/2012,0
03/27/2012,0
03/28/2012,0
03/29/2012,0
03/30/2012,0
03/31/2012,0
04/01/2012,0
04/02/2012,0
04/03/2012,0
04/04/2012,0
04/05/2012,0
04/06/2012,0
04/07/2012,0
04/08/2012,0
04/09/2012,0
04/10/2012,0
04/11/2012,0
04/12/2012,0
04/13/2012,0
04/14/2012,0
04/15/2012,0
04/16/2012,0
04/17/2012,0
04/18/2012,0
04/19/2012,0
04/20/2012,0
04/21/2012,0
04/22/2012,0
04/23/2012,0
04/24/2012,0
04/25/2012,0
04/26/2012,0
04/27/2012,0
04/28/2012,0
04/29/2012,0
04/30/2012,0
05/01/2012,0
05/02/2012,0
05/03/2012,0
05/04/2012,0
05/05/2012,0
05/06/2012,0
05/07/2012,0
05/08/2012,0
05/09/2012,0
05/10/2012,0
05/11/2012,0
05/12/2012,0
05/13/2012,0
05/14/2012,0
05/15/2012,0
05/16/2012,0
05/17/2012,0
05/18/2012,9
05/19/2012,14
05/20/2012,14
05/21/2012,15
05/22/2012,16
05/23/2012,16
05/24/2012,16
05/25/2012,16
05/26/2012,16
05/27/2012,16
05/28/2012,16
05/29/2012,17
05/30/2012,188
05/31/2012,201
06/01/2012,186
06/02/2012,166
06/03/2012,165
06/04/2012,165
06/05/2012,159
06/06/2012,148
06/07/2012,147
06/08/2012,147
06/09/2012,146
06/10/2012,146
06/11/2012,150
06/12/2012,162
06/13/2012,173
06/14/2012,183
06/15/2012,189
06/16/2012,200
06/17/2012,198
06/18/2012,190
06/19/2012,183
06/20/2012,188
06/21/2012,186
06/22/2012,178
06/23/2012,169
06/24/2012,168
06/25/2012,168
06/26/2012,168
06/27/2012,167
06/28/2012,166
06/29/2012,163
06/30/2012,157
07/01/2012,157
07/02/2012,163
07/03/2012,176
07/04/2012,175
07/05/2012,175
07/06/2012,174
07/07/2012,173
07/08/2012,172
07/09/2012,176
07/10/2012,186
07/11/2012,192
07/12/2012,187
07/13/2012,180
07/14/2012,167
07/15/2012,145
07/16/2012,152
07/17/2012,156
07/18/2012,160
07/19/2012,166
07/20/2012,163
07/21/2012,156
07/22/2012,156
07/23/2012,154
07/24/2012,163
07/25/2012,178
07/26/2012,182
07/27/2012,182
07/28/2012,181
07/29/2012,180
07/30/2012,180
07/31/2012,179
08/01/2012,178
08/02/2012,170
08/03/2012,153
08/04/2012,153
08/05/2012,152
08/06/2012,151
08/07/2012,154
08/08/2012,161
08/09/2012,165
08/10/2012,166
08/11/2012,155
08/12/2012,154
08/13/2012,149
08/14/2012,139
08/15/2012,139
08/16/2012,139
08/17/2012,114
08/18/2012,100
08/19/2012,100
08/20/2012,100
08/21/2012,100
08/22/2012,100
08/23/2012,92
08/24/2012,81
08/25/2012,82
08/26/2012,82
08/27/2012,83
08/28/2012,82
08/29/2012,82
08/30/2012,82
08/31/2012,82
09/01/2012,82
09/02/2012,81
09/03/2012,82
09/04/2012,32
09/05/2012,0
09/06/2012,0
09/07/2012,0
09/08/2012,0
09/09/2012,0
09/10/2012,0
09/11/2012,0
09/12/2012,0
09/13/2012,0
09/14/2012,0
09/15/2012,0
09/16/2012,0
09/17/2012,0
09/18/2012,0
09/19/2012,0
09/20/2012,0
09/21/2012,0
09/22/2012,0
09/23/2012,0
09/24/2012,0
09/25/2012,0
09/26/2012,0
09/27/2012,0
09/28/2012,0
09/29/2012,0
09/30/2012,0
10/01/2012,0
10/02/2012,0
10/03/2012,0
10/04/2012,0
10/05/2012,0
10/06/2012,0
10/07/2012,0
10/08/2012,0
10/09/2012,0
10/10/2012,0
10/11/2012,0
10/12/2012,0
10/13/2012,0
10/14/2012,0
10/15/2012,0
10/16/2012,0
10/17/2012,0
10/18/2012,0
10/19/2012,0
10/20/2012,0
10/21/2012,0
10/22/2012,0
10/23/2012,0
10/24/2012,0
10/25/2012,0
10/26/2012,0
10/27/2012,0
10/28/2012,0
10/29/2012,0
10/30/2012,0
10/31/2012,0
11/01/2012,0
11/02/2012,0
11/03/2012,0
11/04/2012,0
11/05/2012,0
11/06/2012,0
11/07/2012,0
11/08/2012,0
11/09/2012,0
11/10/2012,0
11/11/2012,0
11/12/2012,0
11/13/2012,0
11/14/2012,0
11/15/2012,0
11/16/2012,0
11/17/2012,0
11/18/2012,0
11/19/2012,0
11/20/2012,0
11/21/2012,0
11/22/2012,0
11/23/2012,0
11/24/2012,0
11/25/2012,0
11/26/2012,0
11/27/2012,0
11/28/2012,0
11/29/2012,0
11/30/2012,0
12/01/2012,0
12/02/2012,0
12/03/2012,0
12/04/2012,0
12/05/2012,0
12/06/2012,0
12/07/2012,0
12/08/2012,0
12/09/2012,0
12/10/2012,0
12/11/2012,0
12/12/2012,0
12/13/2012,0
12/14/2012,0
12/15/2012,0
12/16/2012,0
12/17/2012,0
12/18/2012,0
12/19/2012,0
12/20/2012,0
12/21/2012,0
12/22/2012,0
12/23/2012,0
12/24/2012,0
12/25/2012,0
12/26/2012,0
12/27/2012,0
12/28/2012,0
12/29/2012,0
12/30/2012,0
12/31/2012,0
01/01/2013,0
01/02/2013,0
01/03/2013,0
01/04/2013,0
01/05/2013,0
01/06/2013,0
01/07/2013,0
01/08/2013,0
01/09/2013,0
01/10/2013,0
01/11/2013,0
01/12/2013,0
01/13/2013,0
01/14/2013,0
01/15/2013,0
01/16/2013,0
01/17/2013,0
01/18/2013,0
01/19/2013,0
01/20/2013,0
01/21/2013,0
01/22/2013,0
01/23/2013,0
01/24/2013,0
01/25/2013,0
01/26/2013,0
01/27/2013,0
01/28/2013,0
01/29/2013,0
01/30/2013,0
01/31/2013,0
02/01/2013,0
02/02/2013,0
02/03/2013,0
02/04/2013,0
02/05/2013,0
02/06/2013,0
02/07/2013,0
02/08/2013,0
02/09/2013,0
02/10/2013,0
02/11/2013,0
02/12/2013,0
02/13/2013,0
02/14/2013,0
02/15/2013,0
02/16/2013,0
02/17/2013,0
02/18/2013,0
02/19/2013,0
02/20/2013,0
02/21/2013,0
02/22/2013,0
02/23/2013,0
02/24/2013,0
02/25/2013,0
02/26/2013,0
02/27/2013,0
02/28/2013,0
03/01/2013,0
03/02/2013,0
03/03/2013,0
03/04/2013,0
03/05/2013,0
03/06/2013,0
03/07/2013,0
03/08/2013,0
03/09/2013,0
03/10/2013,0
03/11/2013,0
03/12/2013,0
03/13/2013,0
03/14/2013,0
03/15/2013,0
03/16/2013,0
03/17/2013,0
03/18/2013,0
03/19/2013,0
03/20/2013,0
03/21/2013,0
03/22/2013,0
03/23/2013,0
03/24/2013,0
03/25/2013,0
03/26/2013,0
03/27/2013,0
03/28/2013,0
03/29/2013,0
03/30/2013,0
03/31/2013,0
04/01/2013,0
04/02/2013,0
04/03/2013,0
04/04/2013,0
04/05/2013,0
04/06/2013,0
04/07/2013,0
04/08/2013,0
04/09/2013,0
04/10/2013,0
04/11/2013,0
04/12/2013,0
04/13/2013,0
04/14/2013,0
04/15/2013,0
04/16/2013,0
04/17/2013,0
04/18/2013,0
04/19/2013,0
04/20/2013,0
04/21/2013,0
04/22/2013,0
04/23/2013,0
04/24/2013,0
04/25/2013,0
04/26/2013,0
04/27/2013,0
04/28/2013,0
04/29/2013,0
04/30/2013,0
05/01/2013,0
05/02/2013,0
05/03/2013,0
05/04/2013,0
05/05/2013,0
05/06/2013,0
05/07/2013,0
05/08/2013,0
05/09/2013,0
05/10/2013,0
05/11/2013,0
05/12/2013,0
05/13/2013,0
05/14/2013,0
05/15/2013,0
05/16/2013,0
05/17/2013,0
05/18/2013,0
05/19/2013,0
05/20/2013,0
05/21/2013,0
05/22/2013,0
05/23/2013,0
05/24/2013,0
05/25/2013,0
05/26/2013,0
05/27/2013,0
05/28/2013,0
05/29/2013,0
05/30/2013,0
05/31/2013,98
06/01/2013,150
06/02/2013,150
06/03/2013,137
06/04/2013,130
06/05/2013,142
06/06/2013,158
06/07/2013,157
06/08/2013,156
06/09/2013,156
06/10/2013,169
06/11/2013,192
06/12/2013,196
06/13/2013,186
06/14/2013,171
06/15/2013,171
06/16/2013,171
06/17/2013,170
06/18/2013,169
06/19/2013,169
06/20/2013,165
06/21/2013,155
06/22/2013,150
06/23/2013,150
06/24/2013,150
06/25/2013,148
06/26/2013,158
06/27/2013,173
06/28/2013,173
06/29/2013,172
06/30/2013,172
07/01/2013,172
07/02/2013,172
07/03/2013,170
07/04/2013,169
07/05/2013,165
07/06/2013,161
07/07/2013,159
07/08/2013,159
07/09/2013,161
07/10/2013,162
07/11/2013,162
07/12/2013,161
07/13/2013,161
07/14/2013,160
07/15/2013,166
07/16/2013,179
07/17/2013,172
07/18/2013,163
07/19/2013,164
07/20/2013,163
07/21/2013,162
07/22/2013,162
07/23/2013,161
07/24/2013,163
07/25/2013,164
07/26/2013,159
07/27/2013,158
07/28/2013,156
07/29/2013,157
07/30/2013,158
07/31/2013,157
08/01/2013,158
08/02/2013,160
08/03/2013,158
08/04/2013,157
08/05/2013,152
08/06/2013,151
08/07/2013,151
08/08/2013,141
08/09/2013,135
08/10/2013,141
08/11/2013,140
08/12/2013,139
08/13/2013,139
08/14/2013,142
08/15/2013,144
08/16/2013,139
08/17/2013,140
08/18/2013,139
08/19/2013,128
08/20/2013,110
08/21/2013,91
08/22/2013,90
08/23/2013,89
08/24/2013,89
08/25/2013,88
08/26/2013,44
08/27/2013,1
08/28/2013,0
08/29/2013,1
08/30/2013,1
08/31/2013,2
09/01/2013,2
09/02/2013,2
09/03/2013,2
09/04/2013,2
09/05/2013,2
09/06/2013,1
09/07/2013,1
09/08/2013,1
09/09/2013,1
09/10/2013,1
09/11/2013,1
09/12/2013,1
09/13/2013,1
09/14/2013,1
09/15/2013,1
09/16/2013,1
09/17/2013,1
09/18/2013,0
09/19/2013,0
09/20/2013,0
09/21/2013,0
09/22/2013,0
09/23/2013,0
09/24/2013,0
09/25/2013,0
09/26/2013,0
09/27/2013,0
09/28/2013,0
09/29/2013,0
09/30/2013,0
10/01/2013,0
10/02/2013,0
10/03/2013,0
10/04/2013,0
10/05/2013,0
10/06/2013,0
10/07/2013,0
10/08/2013,0
10/09/2013,0
10/10/2013,0
10/11/2013,0
10/12/2013,0
10/13/2013,0
10/14/2013,0
10/15/2013,0
10/16/2013,0
10/17/2013,0
10/18/2013,0
10/19/2013,0
10/20/2013,0
10/21/2013,0
10/22/2013,0
10/23/2013,0
10/24/2013,0
10/25/2013,0
10/26/2013,0
10/27/2013,0
10/28/2013,0
10/29/2013,0
10/30/2013,0
10/31/2013,0
11/01/2013,0
11/02/2013,0
11/03/2013,0
11/04/2013,0
11/05/2013,0
11/06/2013,0
11/07/2013,0
11/08/2013,0
11/09/2013,0
11/10/2013,0
11/11/2013,0
11/12/2013,0
11/13/2013,0
11/14/2013,0
11/15/2013,0
11/16/2013,0
11/17/2013,0
11/18/2013,0
11/19/2013,0
11/20/2013,0
11/21/2013,0
11/22/2013,0
11/23/2013,0
11/24/2013,0
11/25/2013,0
11/26/2013,0
11/27/2013,0
11/28/2013,0
11/29/2013,0
11/30/2013,0
12/01/2013,0
12/02/2013,0
12/03/2013,0
12/04/2013,0
12/05/2013,0
12/06/2013,0
12/07/2013,0
12/08/2013,0
12/09/2013,0
12/10/2013,0
12/11/2013,0
12/12/2013,0
12/13/2013,0
12/14/2013,0
12/15/2013,0
12/16/2013,0
12/17/2013,0
12/18/2013,0
12/19/2013,1
12/20/2013,1
12/21/2013,1
12/22/2013,1
12/23/2013,1
12/24/2013,1
12/25/2013,1
12/26/2013,1
12/27/2013,2
12/28/2013,2
12/29/2013,2
12/30/2013,2
12/31/2013,2
01/01/2014,2
01/02/2014,2
01/03/2014,2
01/04/2014,3
01/05/2014,3
01/06/2014,3
01/07/2014,3
01/08/2014,3
01/09/2014,3
01/10/2014,3
01/11/2014,3
01/12/2014,3
01/13/2014,4
01/14/2014,3
01/15/2014,0
01/16/2014,1
01/17/2014,1
01/18/2014,1
01/19/2014,1
01/20/2014,1
01/21/2014,1
01/22/2014,0
01/23/2014,0
01/24/2014,0
01/25/2014,0
01/26/2014,0
01/27/2014,0
01/28/2014,0
01/29/2014,0
01/30/2014,0
01/31/2014,0
02/01/2014,0
02/02/2014,0
02/03/2014,0
02/04/2014,0
02/05/2014,0
02/06/2014,0
02/07/2014,0
02/08/2014,0
02/09/2014,0
02/10/2014,0
02/11/2014,0
02/12/2014,0
02/13/2014,0
02/14/2014,0
02/15/2014,0
02/16/2014,0
02/17/2014,0
02/18/2014,0
02/19/2014,0
02/20/2014,0
02/21/2014,0
02/22/2014,0
02/23/2014,0
02/24/2014,0
02/25/2014,0
02/26/2014,0
02/27/2014,0
02/28/2014,0
03/01/2014,0
03/02/2014,0
03/03/2014,0
03/04/2014,0
03/05/2014,0
03/06/2014,0
03/07/2014,0
03/08/2014,0
03/09/2014,0
03/10/2014,0
03/11/2014,0
03/12/2014,0
03/13/2014,0
03/14/2014,0
03/15/2014,0
03/16/2014,0
03/17/2014,0
03/18/2014,0
03/19/2014,0
03/20/2014,0
03/21/2014,0
03/22/2014,0
03/23/2014,0
03/24/2014,0
03/25/2014,0
03/26/2014,0
03/27/2014,0
03/28/2014,0
03/29/2014,0
03/30/2014,0
03/31/2014,0
04/01/2014,0
04/02/2014,0
04/03/2014,0
04/04/2014,0
04/05/2014,0
04/06/2014,0
04/07/2014,0
04/08/2014,0
04/09/2014,0
04/10/2014,0
04/11/2014,0
04/12/2014,0
04/13/2014,0
04/14/2014,0
04/15/2014,0
04/16/2014,0
04/17/2014,0
04/18/2014,0
04/19/2014,0
04/20/2014,0
04/21/2014,0
04/22/2014,0
04/23/2014,0
04/24/2014,0
04/25/2014,0
04/26/2014,0
04/27/2014,0
04/28/2014,0
04/29/2014,0
04/30/2014,0
05/01/2014,0
05/02/2014,0
05/03/2014,0
05/04/2014,0
05/05/2014,0
05/06/2014,0
05/07/2014,0
05/08/2014,0
05/09/2014,0
05/10/2014,0
05/11/2014,0
05/12/2014,0
05/13/2014,0
05/14/2014,0
05/15/2014,0
05/16/2014,0
05/17/2014,0
05/18/2014,0
05/19/2014,0
05/20/2014,0
05/21/2014,0
05/22/2014,0
05/23/2014,0
05/24/2014,0
05/25/2014,0
05/26/2014,0
05/27/2014,0
05/28/2014,0
05/29/2014,0
05/30/2014,0
05/31/2014,0
06/01/2014,0
06/02/2014,0
06/03/2014,0
06/04/2014,0
06/05/2014,0
06/06/2014,0
06/07/2014,0
06/08/2014,0
06/09/2014,0
06/10/2014,0
06/11/2014,0
06/12/2014,0
06/13/2014,0
06/14/2014,0
06/15/2014,0
06/16/2014,0
06/17/2014,0
06/18/2014,0
06/19/2014,88
06/20/2014,101
06/21/2014,100
06/22/2014,99
06/23/2014,99
06/24/2014,98
06/25/2014,98
06/26/2014,100
06/27/2014,100
06/28/2014,100
06/29/2014,99
06/30/2014,98
07/01/2014,98
07/02/2014,98
07/03/2014,65
07/04/2014,1
07/05/2014,0
07/06/2014,0
07/07/2014,0
07/08/2014,0
07/09/2014,0
07/10/2014,0
07/11/2014,0
07/12/2014,0
07/13/2014,0
07/14/2014,0
07/15/2014,--
07/16/2014,0
07/17/2014,0
07/18/2014,0
07/19/2014,0
07/20/2014,0
07/21/2014,0
07/22/2014,0
07/23/2014,0
07/24/2014,0
07/25/2014,0
07/26/2014,0
07/27/2014,0
07/28/2014,0
07/29/2014,0
07/30/2014,0
07/31/2014,0
08/01/2014,0
08/02/2014,0
08/03/2014,0
08/04/2014,0
08/05/2014,0
08/06/2014,0
08/07/2014,0
08/08/2014,0
08/09/2014,0
08/10/2014,0
08/11/2014,0
08/12/2014,0
08/13/2014,0
08/14/2014,0
08/15/2014,0
08/16/2014,0
08/17/2014,0
08/18/2014,0
08/19/2014,0
08/20/2014,0
08/21/2014,0
08/22/2014,0
08/23/2014,0
08/24/2014,0
08/25/2014,0
08/26/2014,0
08/27/2014,234
08/28/2014,0
08/29/2014,0
08/30/2014,0
08/31/2014,0
09/01/2014,0
09/02/2014,0
09/03/2014,0
09/04/2014,0
09/05/2014,0
09/06/2014,0
09/07/2014,0
09/08/2014,0
09/09/2014,0
09/10/2014,0
09/11/2014,0
09/12/2014,0
09/13/2014,0
09/14/2014,0
09/15/2014,0
09/16/2014,0
09/17/2014,0
09/18/2014,0
09/19/2014,0
09/20/2014,0
09/21/2014,0
09/22/2014,0
09/23/2014,0
09/24/2014,0
09/25/2014,0
09/26/2014,0
09/27/2014,0
09/28/2014,0
09/29/2014,0
09/30/2014,0
10/01/2014,0
10/02/2014,0
10/03/2014,0
10/04/2014,0
10/05/2014,0
10/06/2014,0
10/07/2014,0
10/08/2014,0
10/09/2014,0
10/10/2014,0
10/11/2014,0
10/12/2014,0
10/13/2014,0
10/14/2014,0
10/15/2014,0
10/16/2014,0
10/17/2014,0
10/18/2014,0
10/19/2014,0
10/20/2014,0
10/21/2014,0
10/22/2014,0
10/23/2014,0
10/24/2014,0
10/25/2014,0
10/26/2014,0
10/27/2014,0
10/28/2014,0
10/29/2014,0
10/30/2014,0
10/31/2014,0
11/01/2014,0
11/02/2014,0
11/03/2014,0
11/04/2014,0
11/05/2014,0
11/06/2014,0
11/07/2014,0
11/08/2014,0
11/09/2014,0
11/10/2014,0
11/11/2014,0
11/12/2014,0
11/13/2014,0
11/14/2014,0
11/15/2014,0
11/16/2014,0
11/17/2014,0
11/18/2014,0
11/19/2014,0
11/20/2014,0
11/21/2014,0
11/22/2014,0
11/23/2014,0
11/24/2014,0
11/25/2014,0
11/26/2014,0
11/27/2014,0
11/28/2014,0
11/29/2014,0
11/30/2014,0
12/01/2014,0
12/02/2014,0
12/03/2014,0
12/04/2014,0
12/05/2014,0
12/06/2014,0
12/07/2014,0
12/08/2014,0
12/09/2014,0
12/10/2014,0
12/11/2014,0
12/12/2014,0
12/13/2014,0
12/14/2014,0
12/15/2014,0
12/16/2014,0
12/17/2014,0
12/18/2014,0
12/19/2014,0
12/20/2014,0
12/21/2014,0
12/22/2014,0
12/23/2014,0
12/24/2014,0
12/25/2014,0
12/26/2014,0
12/27/2014,0
12/28/2014,0
12/29/2014,0
12/30/2014,0
12/31/2014,--
01/01/2015,0
01/02/2015,0
01/03/2015,0
01/04/2015,0
01/05/2015,0
01/06/2015,0
01/07/2015,0
01/08/2015,0
01/09/2015,0
01/10/2015,0
01/11/2015,0
01/12/2015,0
01/13/2015,0
01/14/2015,0
01/15/2015,0
01/16/2015,0
01/17/2015,0
01/18/2015,0
01/19/2015,0
01/20/2015,0
01/21/2015,0
01/22/2015,0
01/23/2015,0
01/24/2015,0
01/25/2015,0
01/26/2015,0
01/27/2015,0
01/28/2015,0
01/29/2015,0
01/30/2015,0
01/31/2015,0
02/01/2015,0
02/02/2015,0
02/03/2015,0
02/04/2015,0
02/05/2015,0
02/06/2015,0
02/07/2015,0
02/08/2015,0
02/09/2015,0
02/10/2015,0
02/11/2015,0
02/12/2015,0
02/13/2015,0
02/14/2015,0
02/15/2015,0
02/16/2015,0
02/17/2015,0
02/18/2015,0
02/19/2015,0
02/20/2015,0
02/21/2015,--
02/22/2015,0
02/23/2015,0
02/24/2015,0
02/25/2015,0
02/26/2015,0
02/27/2015,0
02/28/2015,0
03/01/2015,0
03/02/2015,0
03/03/2015,0
03/04/2015,0
03/05/2015,0
03/06/2015,0
03/07/2015,0
03/08/2015,0
03/09/2015,0
03/10/2015,0
03/11/2015,0
03/12/2015,0
03/13/2015,0
03/14/2015,0
03/15/2015,0
03/16/2015,0
03/17/2015,0
03/18/2015,0
03/19/2015,0
03/20/2015,0
03/21/2015,0
03/22/2015,0
03/23/2015,0
03/24/2015,0
03/25/2015,0
03/26/2015,0
03/27/2015,0
03/28/2015,--
03/29/2015,0
03/30/2015,0
03/31/2015,0
04/01/2015,0
04/02/2015,0
04/03/2015,0
04/04/2015,0
04/05/2015,0
04/06/2015,0
04/07/2015,0
04/08/2015,0
04/09/2015,0
04/10/2015,0
04/11/2015,0
04/12/2015,0
04/13/2015,0
04/14/2015,0
04/15/2015,0
04/16/2015,0
04/17/2015,0
04/18/2015,0
04/19/2015,0
04/20/2015,0
04/21/2015,0
04/22/2015,0
04/23/2015,0
04/24/2015,0
04/25/2015,0
04/26/2015,0
04/27/2015,0
04/28/2015,0
04/29/2015,0
04/30/2015,0
05/01/2015,0
05/02/2015,0
05/03/2015,0
05/04/2015,0
05/05/2015,0
05/06/2015,0
05/07/2015,0
05/08/2015,0
05/09/2015,0
05/10/2015,0
05/11/2015,0
05/12/2015,0
05/13/2015,0
05/14/2015,0
05/15/2015,0
05/16/2015,0
05/17/2015,0
05/18/2015,0
05/19/2015,0
05/20/2015,0
05/21/2015,0
05/22/2015,0
05/23/2015,0
05/24/2015,0
05/25/2015,0
05/26/2015,0
05/27/2015,0
05/28/2015,0
05/29/2015,0
05/30/2015,0
05/31/2015,0
06/01/2015,0
06/02/2015,0
06/03/2015,0
06/04/2015,0
06/05/2015,0
06/06/2015,0
06/07/2015,0
06/08/2015,0
06/09/2015,0
06/10/2015,0
06/11/2015,0
06/12/2015,0
06/13/2015,0
06/14/2015,0
06/15/2015,0
06/16/2015,0
06/17/2015,0
06/18/2015,0
06/19/2015,0
06/20/2015,0
06/21/2015,0
06/22/2015,44
06/23/2015,84
06/24/2015,103
06/25/2015,102
06/26/2015,93
06/27/2015,86
06/28/2015,86
06/29/2015,85
06/30/2015,85
07/01/2015,32
07/02/2015,3
07/03/2015,4
07/04/2015,4
07/05/2015,4
07/06/2015,2
07/07/2015,0
07/08/2015,0
07/09/2015,0
07/10/2015,0
07/11/2015,0
07/12/2015,0
07/13/2015,0
07/14/2015,0
07/15/2015,0
07/16/2015,0
07/17/2015,0
07/18/2015,0
07/19/2015,0
07/20/2015,0
07/21/2015,0
07/22/2015,0
07/23/2015,0
07/24/2015,0
07/25/2015,0
07/26/2015,0
07/27/2015,0
07/28/2015,0
07/29/2015,0
07/30/2015,0
07/31/2015,0
08/01/2015,0
08/02/2015,0
08/03/2015,0
08/04/2015,0
08/05/2015,0
08/06/2015,0
08/07/2015,0
08/08/2015,0
08/09/2015,0
08/10/2015,0
08/11/2015,0
08/12/2015,0
08/13/2015,0
08/14/2015,0
08/15/2015,0
08/16/2015,0
08/17/2015,0
08/18/2015,0
08/19/2015,0
08/20/2015,0
08/21/2015,0
08/22/2015,0
08/23/2015,0
08/24/2015,0
08/25/2015,0
08/26/2015,0
08/27/2015,0
08/28/2015,0
08/29/2015,0
08/30/2015,0
08/31/2015,0
09/01/2015,0
09/02/2015,0
09/03/2015,0
09/04/2015,0
09/05/2015,0
09/06/2015,0
09/07/2015,0
09/08/2015,0
09/09/2015,0
09/10/2015,0
09/11/2015,0
09/12/2015,0
09/13/2015,0
09/14/2015,0
09/15/2015,0
09/16/2015,0
09/17/2015,0
09/18/2015,0
09/19/2015,0
09/20/2015,0
09/21/2015,0
09/22/2015,0
09/23/2015,0
09/24/2015,0
09/25/2015,0
09/26/2015,0
09/27/2015,0
09/28/2015,0
09/29/2015,0
09/30/2015,0
10/01/2015,0
10/02/2015,0
10/03/2015,0
10/04/2015,0
10/05/2015,0
10/06/2015,0
10/07/2015,0
10/08/2015,0
10/09/2015,0
10/10/2015,0
10/11/2015,0
10/12/2015,0
10/13/2015,0
10/14/2015,0
10/15/2015,0
10/16/2015,0
10/17/2015,0
10/18/2015,0
10/19/2015,0
10/20/2015,0
10/21/2015,0
10/22/2015,0
10/23/2015,0
10/24/2015,0
10/25/2015,0
10/26/2015,0
10/27/2015,0
10/28/2015,0
10/29/2015,0
10/30/2015,0
10/31/2015,0
11/01/2015,0
11/02/2015,0
11/03/2015,0
11/04/2015,0
11/05/2015,0
11/06/2015,0
11/07/2015,0
11/08/2015,0
11/09/2015,0
11/10/2015,0
11/11/2015,0
11/12/2015,0
11/13/2015,0
11/14/2015,0
11/15/2015,0
11/16/2015,0
11/17/2015,0
11/18/2015,0
11/19/2015,0
11/20/2015,0
11/21/2015,0
11/22/2015,0
11/23/2015,0
11/24/2015,0
11/25/2015,0
11/26/2015,0
11/27/2015,0
11/28/2015,0
11/29/2015,0
11/30/2015,0
12/01/2015,0
12/02/2015,0
12/03/2015,0
12/04/2015,0
12/05/2015,0
12/06/2015,0
12/07/2015,0
12/08/2015,0
12/09/2015,0
12/10/2015,0
12/11/2015,0
12/12/2015,0
12/13/2015,0
12/14/2015,0
12/15/2015,0
12/16/2015,0
12/17/2015,0
12/18/2015,0
12/19/2015,0
12/20/2015,0
12/21/2015,0
12/22/2015,0
12/23/2015,0
12/24/2015,0
12/25/2015,0
12/26/2015,0
12/27/2015,0
12/28/2015,0
12/29/2015,0
12/30/2015,0
12/31/2015,--
01/01/2016,0
01/02/2016,0
01/03/2016,0
01/04/2016,0
01/05/2016,0
01/06/2016,1
01/07/2016,1
01/08/2016,0
01/09/2016,0
01/10/2016,1
01/11/2016,0
01/12/2016,0
01/13/2016,0
01/14/2016,0
01/15/2016,0
01/16/2016,0
01/17/2016,0
01/18/2016,1
01/19/2016,3
01/20/2016,3
01/21/2016,1
01/22/2016,0
01/23/2016,1
01/24/2016,1
01/25/2016,1
01/26/2016,0
01/27/2016,0
01/28/2016,0
01/29/2016,0
01/30/2016,1
01/31/2016,3
02/01/2016,2
02/02/2016,1
02/03/2016,0
02/04/2016,0
02/05/2016,0
02/06/2016,0
02/07/2016,0
02/08/2016,0
02/09/2016,0
02/10/2016,0
02/11/2016,0
02/12/2016,0
02/13/2016,0
02/14/2016,0
02/15/2016,0
02/16/2016,0
02/17/2016,0
02/18/2016,0
02/19/2016,0
02/20/2016,0
02/21/2016,0
02/22/2016,0
02/23/2016,0
02/24/2016,0
02/25/2016,0
02/26/2016,0
02/27/2016,0
02/28/2016,1
02/29/2016,0
03/01/2016,0
03/02/2016,0
03/03/2016,0
03/04/2016,0
03/05/2016,0
03/06/2016,0
03/07/2016,1
03/08/2016,0
03/09/2016,0
03/10/2016,0
03/11/2016,0
03/12/2016,0
03/13/2016,1
03/14/2016,1
03/15/2016,1
03/16/2016,1
03/17/2016,0
03/18/2016,0
03/19/2016,1
03/20/2016,1
03/21/2016,0
03/22/2016,0
03/23/2016,0
03/24/2016,0
03/25/2016,0
03/26/2016,0
03/27/2016,0
03/28/2016,0
03/29/2016,0
03/30/2016,0
03/31/2016,0
04/01/2016,0
04/02/2016,0
04/03/2016,1
04/04/2016,1
04/05/2016,1
04/06/2016,1
04/07/2016,0
04/08/2016,0
04/09/2016,0
04/10/2016,0
04/11/2016,0
04/12/2016,0
04/13/2016,0
04/14/2016,0
04/15/2016,0
04/16/2016,0
04/17/2016,0
04/18/2016,0
04/19/2016,0
04/20/2016,0
04/21/2016,0
04/22/2016,0
04/23/2016,0
04/24/2016,0
04/25/2016,0
04/26/2016,79
04/27/2016,118
04/28/2016,116
04/29/2016,118
04/30/2016,128
05/01/2016,128
05/02/2016,128
05/03/2016,109
05/04/2016,100
05/05/2016,101
05/06/2016,101
05/07/2016,101
05/08/2016,101
05/09/2016,101
05/10/2016,111
05/11/2016,126
05/12/2016,125
05/13/2016,125
05/14/2016,125
05/15/2016,125
05/16/2016,125
05/17/2016,138
05/18/2016,160
05/19/2016,160
05/20/2016,156
05/21/2016,148
05/22/2016,148
05/23/2016,137
05/24/2016,136
05/25/2016,149
05/26/2016,155
05/27/2016,160
05/28/2016,161
05/29/2016,157
05/30/2016,157
05/31/2016,160
06/01/2016,166
06/02/2016,171
06/03/2016,181
06/04/2016,175
06/05/2016,164
06/06/2016,164
06/07/2016,165
06/08/2016,166
06/09/2016,165
06/10/2016,169
06/11/2016,171
06/12/2016,164
06/13/2016,164
06/14/2016,161
06/15/2016,156
06/16/2016,156
06/17/2016,155
06/18/2016,151
06/19/2016,145
06/20/2016,145
06/21/2016,148
06/22/2016,158
06/23/2016,165
06/24/2016,165
06/25/2016,166
06/26/2016,169
06/27/2016,176
06/28/2016,176
06/29/2016,170
06/30/2016,164
07/01/2016,164
07/02/2016,161
07/03/2016,156
07/04/2016,156
07/05/2016,156
07/06/2016,154
07/07/2016,154
07/08/2016,158
07/09/2016,166
07/10/2016,161
07/11/2016,156
07/12/2016,156
07/13/2016,156
07/14/2016,156
07/15/2016,156
07/16/2016,155
07/17/2016,155
07/18/2016,154
07/19/2016,154
07/20/2016,154
07/21/2016,154
07/22/2016,154
07/23/2016,154
07/24/2016,154
07/25/2016,154
07/26/2016,155
07/27/2016,152
07/28/2016,143
07/29/2016,136
07/30/2016,131
07/31/2016,124
08/01/2016,126
08/02/2016,124
08/03/2016,123
08/04/2016,124
08/05/2016,125
08/06/2016,121
08/07/2016,114
08/08/2016,114
08/09/2016,110
08/10/2016,105
08/11/2016,106
08/12/2016,106
08/13/2016,106
08/14/2016,106
08/15/2016,106
08/16/2016,106
08/17/2016,105
08/18/2016,105
08/19/2016,105
08/20/2016,105
08/21/2016,104
08/22/2016,103
08/23/2016,103
08/24/2016,103
08/25/2016,103
08/26/2016,103
08/27/2016,103
08/28/2016,102
08/29/2016,102
08/30/2016,102
08/31/2016,102
09/01/2016,102
09/02/2016,102
09/03/2016,100
09/04/2016,100
09/05/2016,100
09/06/2016,100
09/07/2016,100
09/08/2016,38
09/09/2016,1
09/10/2016,2
09/11/2016,3
09/12/2016,2
09/13/2016,0
09/14/2016,1
09/15/2016,1
09/16/2016,2
09/17/2016,2
09/18/2016,2
09/19/2016,2
09/20/2016,2
09/21/2016,2
09/22/2016,3
09/23/2016,3
09/24/2016,3
09/25/2016,3
09/26/2016,3
09/27/2016,2
09/28/2016,2
09/29/2016,2
09/30/2016,2
10/01/2016,2
10/02/2016,3
10/03/2016,2
10/04/2016,1
10/05/2016,1
10/06/2016,1
10/07/2016,1
10/08/2016,1
10/09/2016,1
10/10/2016,1
10/11/2016,1
10/12/2016,1
10/13/2016,1
10/14/2016,1
10/15/2016,1
10/16/2016,0
10/17/2016,0
10/18/2016,0
10/19/2016,1
10/20/2016,0
10/21/2016,0
10/22/2016,0
10/23/2016,0
10/24/2016,0
10/25/2016,0
10/26/2016,0
10/27/2016,0
10/28/2016,0
10/29/2016,0
10/30/2016,0
10/31/2016,0
11/01/2016,0
11/02/2016,0
11/03/2016,0
11/04/2016,0
11/05/2016,0
11/06/2016,0
11/07/2016,0
11/08/2016,0
11/09/2016,0
11/10/2016,0
11/11/2016,0
11/12/2016,0
11/13/2016,0
11/14/2016,0
11/15/2016,0
11/16/2016,0
11/17/2016,0
11/18/2016,0
11/19/2016,0
11/20/2016,0
11/21/2016,0
11/22/2016,0
11/23/2016,0
11/24/2016,0
11/25/2016,0
11/26/2016,0
11/27/2016,1
11/28/2016,0
11/29/2016,1
11/30/2016,1
12/01/2016,1
12/02/2016,1
12/03/2016,1
12/04/2016,0
12/05/2016,0
12/06/2016,0
12/07/2016,0
12/08/2016,1
12/09/2016,1
12/10/2016,1
12/11/2016,1
12/12/2016,1
12/13/2016,1
12/14/2016,0
12/15/2016,1
12/16/2016,2
12/17/2016,2
12/18/2016,1
12/19/2016,1
12/20/2016,1
12/21/2016,1
12/22/2016,0
12/23/2016,1
12/24/2016,1
12/25/2016,1
12/26/2016,1
12/27/2016,1
12/28/2016,2
12/29/2016,1
12/30/2016,1
12/31/2016,--
01/01/2017,1
01/02/2017,1
01/03/2017,1
01/04/2017,1
01/05/2017,1
01/06/2017,45
01/07/2017,137
01/08/2017,523
01/09/2017,"1,550"
01/10/2017,"1,943"
01/11/2017,"2,048"
01/12/2017,"2,113"
01/13/2017,"2,097"
01/14/2017,"2,072"
01/15/2017,"2,047"
01/16/2017,"2,013"
01/17/2017,"1,706"
01/18/2017,"1,495"
01/19/2017,"1,491"
01/20/2017,"1,507"
01/21/2017,"1,522"
01/22/2017,"1,533"
01/23/2017,"1,565"
01/24/2017,"1,540"
01/25/2017,"1,514"
01/26/2017,"1,506"
01/27/2017,"1,499"
01/28/2017,"1,496"
01/29/2017,"1,486"
01/30/2017,"1,490"
01/31/2017,"1,234"
02/01/2017,782
02/02/2017,603
02/03/2017,605
02/04/2017,608
02/05/2017,610
02/06/2017,"1,088"
02/07/2017,"1,767"
02/08/2017,"2,050"
02/09/2017,"2,001"
02/10/2017,"2,000"
02/11/2017,"2,048"
02/12/2017,"2,055"
02/13/2017,"2,311"
02/14/2017,"2,487"
02/15/2017,"2,477"
02/16/2017,"2,482"
02/17/2017,"2,492"
02/18/2017,"2,520"
02/19/2017,"1,984"
02/20/2017,"1,479"
02/21/2017,"1,503"
02/22/2017,"1,515"
02/23/2017,"1,525"
02/24/2017,"1,516"
02/25/2017,"1,521"
02/26/2017,"1,527"
02/27/2017,"1,530"
02/28/2017,"1,521"
03/01/2017,"1,511"
03/02/2017,"1,497"
03/03/2017,"1,483"
03/04/2017,"1,213"
03/05/2017,998
03/06/2017,719
03/07/2017,508
03/08/2017,508
03/09/2017,508
03/10/2017,363
03/11/2017,194
03/12/2017,194
03/13/2017,192
03/14/2017,189
03/15/2017,139
03/16/2017,99
03/17/2017,99
03/18/2017,99
03/19/2017,100
03/20/2017,100
03/21/2017,65
03/22/2017,3
03/23/2017,3
03/24/2017,3
03/25/2017,1
03/26/2017,1
03/27/2017,1
03/28/2017,2
03/29/2017,4
03/30/2017,6
03/31/2017,5
04/01/2017,3
04/02/2017,3
04/03/2017,1
04/04/2017,1
04/05/2017,1
04/06/2017,2
04/07/2017,4
04/08/2017,4
04/09/2017,3
04/10/2017,1
04/11/2017,2
04/12/2017,3
04/13/2017,3
04/14/2017,3
04/15/2017,3
04/16/2017,3
04/17/2017,1
04/18/2017,2
04/19/2017,1
04/20/2017,1
04/21/2017,2
04/22/2017,2
04/23/2017,2
04/24/2017,1
04/25/2017,1
04/26/2017,0
04/27/2017,1
04/28/2017,1
04/29/2017,1
04/30/2017,2
05/01/2017,57
05/02/2017,103
05/03/2017,101
05/04/2017,100
05/05/2017,100
05/06/2017,100
05/07/2017,101
05/08/2017,101
05/09/2017,101
05/10/2017,101
05/11/2017,101
05/12/2017,101
05/13/2017,101
05/14/2017,101
05/15/2017,101
05/16/2017,102
05/17/2017,102
05/18/2017,102
05/19/2017,110
05/20/2017,125
05/21/2017,124
05/22/2017,124
05/23/2017,125
05/24/2017,139
05/25/2017,169
05/26/2017,180
05/27/2017,180
05/28/2017,180
05/29/2017,180
05/30/2017,180
05/31/2017,180
06/01/2017,180
06/02/2017,180
06/03/2017,180
06/04/2017,180
06/05/2017,180
06/06/2017,242
06/07/2017,281
06/08/2017,281
06/09/2017,282
06/10/2017,281
06/11/2017,281
06/12/2017,281
06/13/2017,280
06/14/2017,280
06/15/2017,280
06/16/2017,280
06/17/2017,280
06/18/2017,279
06/19/2017,281
06/20/2017,283
06/21/2017,283
06/22/2017,283
06/23/2017,283
06/24/2017,283
06/25/2017,283
06/26/2017,283
06/27/2017,283
06/28/2017,283
06/29/2017,283
06/30/2017,283
07/01/2017,283
07/02/2017,283
07/03/2017,281
07/04/2017,280
07/05/2017,281
07/06/2017,282
07/07/2017,278
07/08/2017,274
07/09/2017,269
07/10/2017,279
07/11/2017,286
07/12/2017,287
07/13/2017,285
07/14/2017,285
07/15/2017,284
07/16/2017,283
07/17/2017,284
07/18/2017,282
07/19/2017,282
07/20/2017,282
07/21/2017,282
07/22/2017,283
07/23/2017,284
07/24/2017,283
07/25/2017,279
07/26/2017,279
07/27/2017,282
07/28/2017,282
07/29/2017,297
07/30/2017,303
07/31/2017,303
08/01/2017,303
08/02/2017,304
08/03/2017,304
08/04/2017,304
08/05/2017,303
08/06/2017,289
08/07/2017,270
08/08/2017,274
08/09/2017,277
08/10/2017,277
08/11/2017,266
08/12/2017,251
08/13/2017,252
08/14/2017,252
08/15/2017,249
08/16/2017,242
08/17/2017,222
08/18/2017,213
08/19/2017,214
08/20/2017,215
08/21/2017,197
08/22/2017,181
08/23/2017,182
08/24/2017,178
08/25/2017,178
08/26/2017,183
08/27/2017,181
08/28/2017,180
08/29/2017,179
08/30/2017,179
08/31/2017,179
09/01/2017,180
09/02/2017,180
09/03/2017,182
09/04/2017,180
09/05/2017,179
09/06/2017,178
09/07/2017,179
09/08/2017,178
09/09/2017,176
09/10/2017,176
09/11/2017,180
09/12/2017,183
09/13/2017,182
09/14/2017,182
09/15/2017,181
09/16/2017,181
09/17/2017,180
09/18/2017,180
09/19/2017,180
09/20/2017,170
09/21/2017,166
09/22/2017,168
09/23/2017,168
09/24/2017,168
09/25/2017,167
09/26/2017,167
09/27/2017,166
09/28/2017,164
09/29/2017,163
09/30/2017,163
10/01/2017,162
10/02/2017,164
10/03/2017,166
10/04/2017,165
10/05/2017,164
10/06/2017,164
10/07/2017,164
10/08/2017,163
10/09/2017,163
10/10/2017,165
10/11/2017,166
10/12/2017,166
10/13/2017,164
10/14/2017,164
10/15/2017,163
10/16/2017,115
10/17/2017,69
10/18/2017,1
10/19/2017,1
10/20/2017,2
10/21/2017,2
10/22/2017,1
10/23/2017,1
10/24/2017,1
10/25/2017,1
10/26/2017,1
10/27/2017,1
10/28/2017,1
10/29/2017,2
10/30/2017,1
10/31/2017,0
11/01/2017,0
11/02/2017,1
11/03/2017,0
11/04/2017,0
11/05/2017,0
11/06/2017,0
11/07/2017,0
11/08/2017,0
11/09/2017,0
11/10/2017,1
11/11/2017,1
11/12/2017,0
11/13/2017,0
11/14/2017,0
11/15/2017,0
11/16/2017,0
11/17/2017,0
11/18/2017,0
11/19/2017,0
11/20/2017,0
11/21/2017,0
11/22/2017,1
11/23/2017,1
11/24/2017,1
11/25/2017,1
11/26/2017,1
11/27/2017,1
11/28/2017,0
11/29/2017,0
11/30/2017,0
12/01/2017,0
12/02/2017,0
12/03/2017,0
12/04/2017,0
12/05/2017,0
12/06/2017,0
12/07/2017,0
12/08/2017,0
12/09/2017,0
12/10/2017,0
12/11/2017,1
12/12/2017,1
12/13/2017,1
12/14/2017,1
12/15/2017,1
12/16/2017,1
12/17/2017,1
12/18/2017,1
12/19/2017,1
12/20/2017,1
12/21/2017,1
12/22/2017,1
12/23/2017,1
12/24/2017,1
12/25/2017,1
12/26/2017,1
12/27/2017,1
12/28/2017,1
12/29/2017,1
12/30/2017,1
12/31/2017,--
01/01/2018,1
01/02/2018,1
01/03/2018,1
01/04/2018,0
01/05/2018,0
01/06/2018,0
01/07/2018,1
01/08/2018,1
01/09/2018,0
01/10/2018,0
01/11/2018,0
01/12/2018,0
01/13/2018,0
01/14/2018,0
01/15/2018,0
01/16/2018,0
01/17/2018,0
01/18/2018,0
01/19/2018,0
01/20/2018,0
01/21/2018,0
01/22/2018,0
01/23/2018,0
01/24/2018,0
01/25/2018,0
01/26/2018,0
01/27/2018,0
01/28/2018,0
01/29/2018,367
01/30/2018,5
01/31/2018,0
02/01/2018,0
02/02/2018,0
02/03/2018,0
02/04/2018,0
02/05/2018,0
02/06/2018,0
02/07/2018,0
02/08/2018,0
02/09/2018,0
02/10/2018,0
02/11/2018,0
02/12/2018,0
02/13/2018,0
02/14/2018,0
02/15/2018,0
02/16/2018,0
02/17/2018,0
02/18/2018,0
02/19/2018,0
02/20/2018,0
02/21/2018,0
02/22/2018,0
02/23/2018,0
02/24/2018,0
02/25/2018,0
02/26/2018,0
02/27/2018,0
02/28/2018,0
03/01/2018,0
03/02/2018,1
03/03/2018,0
03/04/2018,1
03/05/2018,0
03/06/2018,0
03/07/2018,0
03/08/2018,0
03/09/2018,0
03/10/2018,0
03/11/2018,1
03/12/2018,1
03/13/2018,1
03/14/2018,1
03/15/2018,1
03/16/2018,2
03/17/2018,1
03/18/2018,1
03/19/2018,1
03/20/2018,1
03/21/2018,2
03/22/2018,2
03/23/2018,1
03/24/2018,1
03/25/2018,1
03/26/2018,1
03/27/2018,2
03/28/2018,2
03/29/2018,3
03/30/2018,3
03/31/2018,3
04/01/2018,4
04/02/2018,4
04/03/2018,4
04/04/2018,5
04/05/2018,5
04/06/2018,3
04/07/2018,1
04/08/2018,1
04/09/2018,1
04/10/2018,1
04/11/2018,0
04/12/2018,0
04/13/2018,0
04/14/2018,0
04/15/2018,0
04/16/2018,0
04/17/2018,0
04/18/2018,0
04/19/2018,0
04/20/2018,0
04/21/2018,0
04/22/2018,0
04/23/2018,0
04/24/2018,0
04/25/2018,0
04/26/2018,0
04/27/2018,0
04/28/2018,0
04/29/2018,0
04/30/2018,0
05/01/2018,0
05/02/2018,0
05/03/2018,0
05/04/2018,37
05/05/2018,97
05/06/2018,97
05/07/2018,100
05/08/2018,104
05/09/2018,104
05/10/2018,150
05/11/2018,179
05/12/2018,161
05/13/2018,153
05/14/2018,153
05/15/2018,153
05/16/2018,151
05/17/2018,147
05/18/2018,142
05/19/2018,135
05/20/2018,141
05/21/2018,151
05/22/2018,154
05/23/2018,158
05/24/2018,169
05/25/2018,170
05/26/2018,164
05/27/2018,162
05/28/2018,159
05/29/2018,161
05/30/2018,164
05/31/2018,167
06/01/2018,168
06/02/2018,165
06/03/2018,163
06/04/2018,156
06/05/2018,154
06/06/2018,166
06/07/2018,175
06/08/2018,179
06/09/2018,181
06/10/2018,178
06/11/2018,178
06/12/2018,175
06/13/2018,181
06/14/2018,180
06/15/2018,180
06/16/2018,175
06/17/2018,172
06/18/2018,181
06/19/2018,187
06/20/2018,186
06/21/2018,180
06/22/2018,180
06/23/2018,179
06/24/2018,176
06/25/2018,167
06/26/2018,159
06/27/2018,164
06/28/2018,171
06/29/2018,175
06/30/2018,176
07/01/2018,168
07/02/2018,168
07/03/2018,177
07/04/2018,188
07/05/2018,183
07/06/2018,179
07/07/2018,178
07/08/2018,178
07/09/2018,178
07/10/2018,179
07/11/2018,181
07/12/2018,180
07/13/2018,175
07/14/2018,169
07/15/2018,169
07/16/2018,174
07/17/2018,186
07/18/2018,191
07/19/2018,185
07/20/2018,183
07/21/2018,191
07/22/2018,191
07/23/2018,196
07/24/2018,197
07/25/2018,191
07/26/2018,185
07/27/2018,178
07/28/2018,177
07/29/2018,178
07/30/2018,173
07/31/2018,161
08/01/2018,159
08/02/2018,159
08/03/2018,155
08/04/2018,149
08/05/2018,148
08/06/2018,153
08/07/2018,161
08/08/2018,155
08/09/2018,144
08/10/2018,144
08/11/2018,138
08/12/2018,129
08/13/2018,130
08/14/2018,125
08/15/2018,120
08/16/2018,118
08/17/2018,119
08/18/2018,115
08/19/2018,109
08/20/2018,108
08/21/2018,109
08/22/2018,110
08/23/2018,114
08/24/2018,120
08/25/2018,120
08/26/2018,119
08/27/2018,116
08/28/2018,111
08/29/2018,111
08/30/2018,111
08/31/2018,111
09/01/2018,110
09/02/2018,110
09/03/2018,40
09/04/2018,1
09/05/2018,0
09/06/2018,0
09/07/2018,0
09/08/2018,1
09/09/2018,1
09/10/2018,1
09/11/2018,1
09/12/2018,1
09/13/2018,1
09/14/2018,1
09/15/2018,1
09/16/2018,1
09/17/2018,1
09/18/2018,1
09/19/2018,1
09/20/2018,1
09/21/2018,1
09/22/2018,1
09/23/2018,1
09/24/2018,1
09/25/2018,1
09/26/2018,1
09/27/2018,1
09/28/2018,1
09/29/2018,1
09/30/2018,1
10/01/2018,1
10/02/2018,1
10/03/2018,1
10/04/2018,1
10/05/2018,1
10/06/2018,1
10/07/2018,1
10/08/2018,0
10/09/2018,0
10/10/2018,0
10/11/2018,0
10/12/2018,0
10/13/2018,0
10/14/2018,0
10/15/2018,0
10/16/2018,0
10/17/2018,0
10/18/2018,0
10/19/2018,0
10/20/2018,0
10/21/2018,0
10/22/2018,0
10/23/2018,0
10/24/2018,0
10/25/2018,0
10/26/2018,0
10/27/2018,0
10/28/2018,0
10/29/2018,0
10/30/2018,0
10/31/2018,0
11/01/2018,0
11/02/2018,0
11/03/2018,0
11/04/2018,0
11/05/2018,0
11/06/2018,0
11/07/2018,0
11/08/2018,0
11/09/2018,0
11/10/2018,0
11/11/2018,0
11/12/2018,0
11/13/2018,0
11/14/2018,0
11/15/2018,0
11/16/2018,0
11/17/2018,0
11/18/2018,0
11/19/2018,0
11/20/2018,0
11/21/2018,0
11/22/2018,0
11/23/2018,0
11/24/2018,0
11/25/2018,0
11/26/2018,0
11/27/2018,0
11/28/2018,0
11/29/2018,0
11/30/2018,0
12/01/2018,0
12/02/2018,0
12/03/2018,0
12/04/2018,0
12/05/2018,0
12/06/2018,0
12/07/2018,0
12/08/2018,0
12/09/2018,0
12/10/2018,0
12/11/2018,0
12/12/2018,0
12/13/2018,0
12/14/2018,0
12/15/2018,0
12/16/2018,0
12/17/2018,0
12/18/2018,0
12/19/2018,0
12/20/2018,0
12/21/2018,0
12/22/2018,0
12/23/2018,0
12/24/2018,0
12/25/2018,0
12/26/2018,0
12/27/2018,0
12/28/2018,0
12/29/2018,0
12/30/2018,0
12/31/2018,--
01/01/2019,0
01/02/2019,0
01/03/2019,0
01/04/2019,0
01/05/2019,0
01/06/2019,0
01/07/2019,0
01/08/2019,0
01/09/2019,0
01/10/2019,0
01/11/2019,0
01/12/2019,0
01/13/2019,0
01/14/2019,0
01/15/2019,0
01/16/2019,0
01/17/2019,1
01/18/2019,0
01/19/2019,0
01/20/2019,0
01/21/2019,0
01/22/2019,0
01/23/2019,0
01/24/2019,0
01/25/2019,0
01/26/2019,0
01/27/2019,0
01/28/2019,0
01/29/2019,0
01/30/2019,0
01/31/2019,0
02/01/2019,0
02/02/2019,0
02/03/2019,0
02/04/2019,0
02/05/2019,200
02/06/2019,500
02/07/2019,501
02/08/2019,500
02/09/2019,500
02/10/2019,502
02/11/2019,504
02/12/2019,766
02/13/2019,"1,001"
02/14/2019,"1,001"
02/15/2019,"1,014"
02/16/2019,"1,013"
02/17/2019,"1,002"
02/18/2019,"1,003"
02/19/2019,998
02/20/2019,994
02/21/2019,996
02/22/2019,991
02/23/2019,993
02/24/2019,986
02/25/2019,873
02/26/2019,780
02/27/2019,782
02/28/2019,794
03/01/2019,797
03/02/2019,797
03/03/2019,800
03/04/2019,902
03/05/2019,985
03/06/2019,997
03/07/2019,"1,003"
03/08/2019,734
03/09/2019,498
03/10/2019,500
03/11/2019,500
03/12/2019,500
03/13/2019,341
03/14/2019,199
03/15/2019,200
03/16/2019,200
03/17/2019,199
03/18/2019,198
03/19/2019,90
03/20/2019,3
03/21/2019,4
03/22/2019,3
03/23/2019,6
03/24/2019,8
03/25/2019,5
03/26/2019,2
03/27/2019,3
03/28/2019,4
03/29/2019,4
03/30/2019,5
03/31/2019,6
04/01/2019,7
04/02/2019,4
04/03/2019,1
04/04/2019,3
04/05/2019,4
04/06/2019,5
04/07/2019,6
04/08/2019,4
04/09/2019,0
04/10/2019,0
04/11/2019,0
04/12/2019,0
04/13/2019,0
04/14/2019,0
04/15/2019,160
04/16/2019,194
04/17/2019,171
04/18/2019,169
04/19/2019,171
04/20/2019,171
04/21/2019,171
04/22/2019,171
04/23/2019,170
04/24/2019,171
04/25/2019,57
04/26/2019,1
04/27/2019,124
04/28/2019,187
04/29/2019,137
04/30/2019,113
05/01/2019,114
05/02/2019,115
05/03/2019,115
05/04/2019,116
05/05/2019,115
05/06/2019,115
05/07/2019,115
05/08/2019,115
05/09/2019,115
05/10/2019,115
05/11/2019,115
05/12/2019,115
05/13/2019,115
05/14/2019,115
05/15/2019,115
05/16/2019,116
05/17/2019,105
05/18/2019,100
05/19/2019,100
05/20/2019,100
05/21/2019,100
05/22/2019,100
05/23/2019,100
05/24/2019,100
05/25/2019,100
05/26/2019,101
05/27/2019,100
05/28/2019,101
05/29/2019,100
05/30/2019,100
05/31/2019,101
06/01/2019,101
06/02/2019,101
06/03/2019,101
06/04/2019,101
06/05/2019,101
06/06/2019,101
06/07/2019,101
06/08/2019,101
06/09/2019,101
06/10/2019,101
06/11/2019,101
06/12/2019,128
06/13/2019,142
06/14/2019,182
06/15/2019,195
06/16/2019,189
06/17/2019,189
06/18/2019,189
06/19/2019,189
06/20/2019,142
06/21/2019,120
06/22/2019,120
06/23/2019,120
06/24/2019,120
06/25/2019,130
06/26/2019,138
06/27/2019,139
06/28/2019,139
06/29/2019,126
06/30/2019,120
07/01/2019,120
07/02/2019,120
07/03/2019,120
07/04/2019,127
07/05/2019,130
07/06/2019,130
07/07/2019,130
07/08/2019,158
07/09/2019,189
07/10/2019,219
07/11/2019,219
07/12/2019,219
07/13/2019,221
07/14/2019,220
07/15/2019,219
07/16/2019,219
07/17/2019,219
07/18/2019,219
07/19/2019,219
07/20/2019,219
07/21/2019,219
07/22/2019,221
07/23/2019,221
07/24/2019,221
07/25/2019,221
07/26/2019,220
07/27/2019,217
07/28/2019,217
07/29/2019,217
07/30/2019,219
07/31/2019,217
08/01/2019,219
08/02/2019,219
08/03/2019,219
08/04/2019,218
08/05/2019,218
08/06/2019,217
08/07/2019,217
08/08/2019,217
08/09/2019,219
08/10/2019,218
08/11/2019,220
08/12/2019,221
08/13/2019,221
08/14/2019,220
08/15/2019,219
08/16/2019,219
08/17/2019,219
08/18/2019,219
08/19/2019,218
08/20/2019,204
08/21/2019,198
08/22/2019,198
08/23/2019,198
08/24/2019,197
08/25/2019,196
08/26/2019,196
08/27/2019,196
08/28/2019,198
08/29/2019,194
08/30/2019,198
08/31/2019,198
09/01/2019,198
09/02/2019,199
09/03/2019,199
09/04/2019,196
09/05/2019,196
09/06/2019,197
09/07/2019,200
09/08/2019,201
09/09/2019,200
09/10/2019,183
09/11/2019,170
09/12/2019,169
09/13/2019,169
09/14/2019,169
09/15/2019,169
09/16/2019,169
09/17/2019,168
09/18/2019,168
09/19/2019,168
09/20/2019,169
09/21/2019,169
09/22/2019,169
09/23/2019,169
09/24/2019,170
09/25/2019,162
09/26/2019,384
09/27/2019,151
09/28/2019,150
09/29/2019,150
09/30/2019,150
10/01/2019,157
10/02/2019,170
10/03/2019,171
10/04/2019,170
10/05/2019,170
10/06/2019,169
10/07/2019,169
10/08/2019,168
10/09/2019,169
10/10/2019,169
10/11/2019,168
10/12/2019,167
10/13/2019,167
10/14/2019,169
10/15/2019,108
10/16/2019,64
10/17/2019,169
10/18/2019,169
10/19/2019,169
10/20/2019,168
10/21/2019,172
10/22/2019,182
10/23/2019,182
10/24/2019,180
10/25/2019,180
10/26/2019,179
10/27/2019,179
10/28/2019,169
10/29/2019,161
10/30/2019,161
10/31/2019,159
11/01/2019,159
11/02/2019,159
11/03/2019,106
11/04/2019,6
11/05/2019,1
11/06/2019,1
11/07/2019,1
11/08/2019,1
11/09/2019,1
11/10/2019,2
11/11/2019,2
11/12/2019,2
11/13/2019,1
11/14/2019,0
11/15/2019,0
11/16/2019,0
11/17/2019,0
11/18/2019,0
11/19/2019,0
11/20/2019,0
11/21/2019,0
11/22/2019,0
11/23/2019,0
11/24/2019,0
11/25/2019,0
11/26/2019,0
11/27/2019,0
11/28/2019,0
11/29/2019,0
11/30/2019,0
12/01/2019,0
12/02/2019,0
12/03/2019,0
12/04/2019,0
12/05/2019,0
12/06/2019,0
12/07/2019,0
12/08/2019,0
12/09/2019,0
12/10/2019,0
12/11/2019,0
12/12/2019,0
12/13/2019,0
12/14/2019,0
12/15/2019,0
12/16/2019,0
12/17/2019,0
12/18/2019,0
12/19/2019,0
12/20/2019,0
12/21/2019,0
12/22/2019,0
12/23/2019,0
12/24/2019,0
12/25/2019,0
12/26/2019,0
12/27/2019,0
12/28/2019,0
12/29/2019,0
12/30/2019,0
12/31/2019,--
01/01/2020,0
01/02/2020,0
01/03/2020,0
01/04/2020,0
01/05/2020,0
01/06/2020,0
01/07/2020,0
01/08/2020,0
01/09/2020,0
01/10/2020,0
01/11/2020,0
01/12/2020,0
01/13/2020,0
01/14/2020,0
01/15/2020,115
01/16/2020,175
01/17/2020,75
01/18/2020,27
01/19/2020,26
01/20/2020,26
01/21/2020,26
01/22/2020,26
01/23/2020,26
01/24/2020,26
01/25/2020,26
01/26/2020,26
01/27/2020,26
01/28/2020,26
01/29/2020,26
01/30/2020,26
01/31/2020,26
02/01/2020,26
02/02/2020,26
02/03/2020,11
02/04/2020,2
02/05/2020,1
02/06/2020,0
02/07/2020,0
02/08/2020,0
02/09/2020,0
02/10/2020,0
02/11/2020,0
02/12/2020,0
02/13/2020,0
02/14/2020,0
02/15/2020,1
02/16/2020,1
02/17/2020,40
02/18/2020,24
02/19/2020,1
02/20/2020,1
02/21/2020,1
02/22/2020,1
02/23/2020,2
02/24/2020,1
02/25/2020,0
02/26/2020,0
02/27/2020,0
02/28/2020,0
02/29/2020,0
03/01/2020,0
03/02/2020,0
03/03/2020,0
03/04/2020,0
03/05/2020,0
03/06/2020,0
03/07/2020,0
03/08/2020,0
03/09/2020,0
03/10/2020,0
03/11/2020,0
03/12/2020,0
03/13/2020,0
03/14/2020,0
03/15/2020,0
03/16/2020,0
03/17/2020,0
03/18/2020,0
03/19/2020,0
03/20/2020,0
03/21/2020,0
03/22/2020,1
03/23/2020,1
03/24/2020,2
03/25/2020,1
03/26/2020,1
03/27/2020,1
03/28/2020,0
03/29/2020,1
03/30/2020,75
03/31/2020,131
04/01/2020,130
04/02/2020,129
04/03/2020,46
04/04/2020,1
04/05/2020,0
04/06/2020,1
04/07/2020,0
04/08/2020,0
04/09/2020,0
04/10/2020,0
04/11/2020,0
04/12/2020,0
04/13/2020,0
04/14/2020,0
04/15/2020,0
04/16/2020,0
04/17/2020,0
04/18/2020,0
04/19/2020,--
04/20/2020,--
04/21/2020,--
04/22/2020,--
04/23/2020,--
04/24/2020,--
04/25/2020,128
04/26/2020,--
04/27/2020,--
04/28/2020,--
04/29/2020,--
04/30/2020,26
05/01/2020,26
05/02/2020,--
05/03/2020,--
05/04/2020,11
05/05/2020,1
05/06/2020,1
05/07/2020,1
05/08/2020,0
05/09/2020,0
05/10/2020,0
05/11/2020,54
05/12/2020,91
05/13/2020,90
05/14/2020,324
05/15/2020,90
05/16/2020,76
05/17/2020,108
05/18/2020,156
05/19/2020,154
05/20/2020,154
05/21/2020,157
05/22/2020,170
05/23/2020,182
05/24/2020,181
05/25/2020,153
05/26/2020,150
05/27/2020,156
05/28/2020,150
05/29/2020,140
05/30/2020,132
05/31/2020,121
06/01/2020,131
06/02/2020,143
06/03/2020,145
06/04/2020,144
06/05/2020,142
06/06/2020,140
06/07/2020,131
06/08/2020,130
06/09/2020,137
06/10/2020,138
06/11/2020,138
06/12/2020,138
06/13/2020,147
06/14/2020,144
06/15/2020,145
06/16/2020,155
06/17/2020,161
06/18/2020,169
06/19/2020,167
06/20/2020,152
06/21/2020,142
06/22/2020,155
06/23/2020,169
06/24/2020,191
06/25/2020,195
06/26/2020,182
06/27/2020,158
06/28/2020,145
06/29/2020,145
06/30/2020,140
07/01/2020,134
07/02/2020,138
07/03/2020,139
07/04/2020,133
07/05/2020,132
07/06/2020,137
07/07/2020,140
07/08/2020,150
07/09/2020,164
07/10/2020,168
07/11/2020,164
07/12/2020,154
07/13/2020,163
07/14/2020,176
07/15/2020,187
07/16/2020,197
07/17/2020,185
07/18/2020,164
07/19/2020,165
07/20/2020,175
07/21/2020,172
07/22/2020,165
07/23/2020,173
07/24/2020,167
07/25/2020,155
07/26/2020,150
07/27/2020,154
07/28/2020,161
07/29/2020,170
07/30/2020,169
07/31/2020,163
08/01/2020,157
08/02/2020,148
08/03/2020,150
08/04/2020,142
08/05/2020,140
08/06/2020,147
08/07/2020,151
08/08/2020,146
08/09/2020,139
08/10/2020,50
08/11/2020,1
08/12/2020,0
08/13/2020,0
08/14/2020,1
08/15/2020,1
08/16/2020,1
08/17/2020,1
08/18/2020,46
08/19/2020,0
08/20/2020,0
08/21/2020,0
08/22/2020,0
08/23/2020,0
08/24/2020,0
08/25/2020,0
08/26/2020,0
08/27/2020,0
08/28/2020,0
08/29/2020,0
08/30/2020,0
08/31/2020,0
09/01/2020,0
09/02/2020,0
09/03/2020,0
09/04/2020,0
09/05/2020,0
09/06/2020,0
09/07/2020,0
09/08/2020,0
09/09/2020,0
09/10/2020,0
09/11/2020,0
09/12/2020,0
09/13/2020,0
09/14/2020,0
09/15/2020,0
09/16/2020,0
09/17/2020,0
09/18/2020,0
09/19/2020,0
09/20/2020,0
09/21/2020,0
09/22/2020,0
09/23/2020,0
09/24/2020,0
09/25/2020,0
09/26/2020,0
09/27/2020,0
09/28/2020,0
09/29/2020,0
09/30/2020,0
10/01/2020,0
10/02/2020,0
10/03/2020,0
10/04/2020,0
10/05/2020,0
10/06/2020,0
10/07/2020,0
10/08/2020,0
10/09/2020,0
10/10/2020,0
10/11/2020,0
10/12/2020,0
10/13/2020,0
10/14/2020,0
10/15/2020,0
10/16/2020,0
10/17/2020,0
10/18/2020,0
10/19/2020,0
10/20/2020,0
10/21/2020,0
10/22/2020,0
10/23/2020,0
10/24/2020,0
10/25/2020,0
10/26/2020,0
10/27/2020,0
10/28/2020,0
10/29/2020,0
10/30/2020,0
10/31/2020,0
11/01/2020,0
11/02/2020,0
11/03/2020,0
11/04/2020,0
11/05/2020,0
11/06/2020,0
11/07/2020,0
11/08/2020,0
11/09/2020,0
11/10/2020,0
11/11/2020,0
11/12/2020,0
11/13/2020,0
11/14/2020,0
11/15/2020,0
11/16/2020,0
11/17/2020,0
11/18/2020,0
11/19/2020,0
11/20/2020,0
11/21/2020,0
11/22/2020,0
11/23/2020,0
11/24/2020,0
11/25/2020,0
11/26/2020,0
11/27/2020,0
11/28/2020,0
11/29/2020,0
11/30/2020,0
12/01/2020,0
12/02/2020,0
12/03/2020,936